/*M!999999\- enable the sandbox mode */ 
-- MariaDB dump 10.19  Distrib 10.6.21-MariaDB, for Linux (x86_64)
--
-- Host: localhost    Database: tawwabaw_supplement-station
-- ------------------------------------------------------
-- Server version	10.6.21-MariaDB-cll-lve-log

/*!40101 SET @OLD_CHARACTER_SET_CLIENT=@@CHARACTER_SET_CLIENT */;
/*!40101 SET @OLD_CHARACTER_SET_RESULTS=@@CHARACTER_SET_RESULTS */;
/*!40101 SET @OLD_COLLATION_CONNECTION=@@COLLATION_CONNECTION */;
/*!40101 SET NAMES utf8mb4 */;
/*!40103 SET @OLD_TIME_ZONE=@@TIME_ZONE */;
/*!40103 SET TIME_ZONE='+00:00' */;
/*!40014 SET @OLD_UNIQUE_CHECKS=@@UNIQUE_CHECKS, UNIQUE_CHECKS=0 */;
/*!40014 SET @OLD_FOREIGN_KEY_CHECKS=@@FOREIGN_KEY_CHECKS, FOREIGN_KEY_CHECKS=0 */;
/*!40101 SET @OLD_SQL_MODE=@@SQL_MODE, SQL_MODE='NO_AUTO_VALUE_ON_ZERO' */;
/*!40111 SET @OLD_SQL_NOTES=@@SQL_NOTES, SQL_NOTES=0 */;

--
-- Table structure for table `banners`
--

DROP TABLE IF EXISTS `banners`;
/*!40101 SET @saved_cs_client     = @@character_set_client */;
/*!40101 SET character_set_client = utf8mb4 */;
CREATE TABLE `banners` (
  `id` bigint(20) unsigned NOT NULL AUTO_INCREMENT,
  `product_id` bigint(20) unsigned DEFAULT NULL,
  `image` varchar(191) NOT NULL,
  `created_at` timestamp NULL DEFAULT NULL,
  `updated_at` timestamp NULL DEFAULT NULL,
  PRIMARY KEY (`id`),
  KEY `banners_product_id_foreign` (`product_id`),
  CONSTRAINT `banners_product_id_foreign` FOREIGN KEY (`product_id`) REFERENCES `products` (`id`) ON DELETE CASCADE
) ENGINE=InnoDB AUTO_INCREMENT=2 DEFAULT CHARSET=utf8mb4 COLLATE=utf8mb4_unicode_ci;
/*!40101 SET character_set_client = @saved_cs_client */;

--
-- Dumping data for table `banners`
--

LOCK TABLES `banners` WRITE;
/*!40000 ALTER TABLE `banners` DISABLE KEYS */;
INSERT INTO `banners` VALUES (1,2,'storage/banner_picture/4wccmGnEgXhsv6lpbgnlxaYDSK4vskFxIXJfNc6P.png','2024-08-21 20:18:23','2025-03-13 21:24:45');
/*!40000 ALTER TABLE `banners` ENABLE KEYS */;
UNLOCK TABLES;

--
-- Table structure for table `cache`
--

DROP TABLE IF EXISTS `cache`;
/*!40101 SET @saved_cs_client     = @@character_set_client */;
/*!40101 SET character_set_client = utf8mb4 */;
CREATE TABLE `cache` (
  `key` varchar(191) NOT NULL,
  `value` mediumtext NOT NULL,
  `expiration` int(11) NOT NULL,
  PRIMARY KEY (`key`)
) ENGINE=InnoDB DEFAULT CHARSET=utf8mb4 COLLATE=utf8mb4_unicode_ci;
/*!40101 SET character_set_client = @saved_cs_client */;

--
-- Dumping data for table `cache`
--

LOCK TABLES `cache` WRITE;
/*!40000 ALTER TABLE `cache` DISABLE KEYS */;
/*!40000 ALTER TABLE `cache` ENABLE KEYS */;
UNLOCK TABLES;

--
-- Table structure for table `cache_locks`
--

DROP TABLE IF EXISTS `cache_locks`;
/*!40101 SET @saved_cs_client     = @@character_set_client */;
/*!40101 SET character_set_client = utf8mb4 */;
CREATE TABLE `cache_locks` (
  `key` varchar(191) NOT NULL,
  `owner` varchar(191) NOT NULL,
  `expiration` int(11) NOT NULL,
  PRIMARY KEY (`key`)
) ENGINE=InnoDB DEFAULT CHARSET=utf8mb4 COLLATE=utf8mb4_unicode_ci;
/*!40101 SET character_set_client = @saved_cs_client */;

--
-- Dumping data for table `cache_locks`
--

LOCK TABLES `cache_locks` WRITE;
/*!40000 ALTER TABLE `cache_locks` DISABLE KEYS */;
/*!40000 ALTER TABLE `cache_locks` ENABLE KEYS */;
UNLOCK TABLES;

--
-- Table structure for table `cart_item_options`
--

DROP TABLE IF EXISTS `cart_item_options`;
/*!40101 SET @saved_cs_client     = @@character_set_client */;
/*!40101 SET character_set_client = utf8mb4 */;
CREATE TABLE `cart_item_options` (
  `id` bigint(20) unsigned NOT NULL AUTO_INCREMENT,
  `cart_item_id` bigint(20) unsigned NOT NULL,
  `product_option_id` bigint(20) unsigned NOT NULL,
  `created_at` timestamp NULL DEFAULT NULL,
  `updated_at` timestamp NULL DEFAULT NULL,
  PRIMARY KEY (`id`),
  KEY `cart_item_options_cart_item_id_foreign` (`cart_item_id`),
  KEY `cart_item_options_product_option_id_foreign` (`product_option_id`),
  CONSTRAINT `cart_item_options_cart_item_id_foreign` FOREIGN KEY (`cart_item_id`) REFERENCES `cart_items` (`id`) ON DELETE CASCADE,
  CONSTRAINT `cart_item_options_product_option_id_foreign` FOREIGN KEY (`product_option_id`) REFERENCES `product_options` (`id`) ON DELETE CASCADE
) ENGINE=InnoDB AUTO_INCREMENT=356 DEFAULT CHARSET=utf8mb4 COLLATE=utf8mb4_unicode_ci;
/*!40101 SET character_set_client = @saved_cs_client */;

--
-- Dumping data for table `cart_item_options`
--

LOCK TABLES `cart_item_options` WRITE;
/*!40000 ALTER TABLE `cart_item_options` DISABLE KEYS */;
/*!40000 ALTER TABLE `cart_item_options` ENABLE KEYS */;
UNLOCK TABLES;

--
-- Table structure for table `cart_items`
--

DROP TABLE IF EXISTS `cart_items`;
/*!40101 SET @saved_cs_client     = @@character_set_client */;
/*!40101 SET character_set_client = utf8mb4 */;
CREATE TABLE `cart_items` (
  `id` bigint(20) unsigned NOT NULL AUTO_INCREMENT,
  `cart_id` bigint(20) unsigned NOT NULL,
  `product_id` bigint(20) unsigned NOT NULL,
  `quantity` int(11) NOT NULL,
  `selected_options` longtext CHARACTER SET utf8mb4 COLLATE utf8mb4_bin DEFAULT NULL CHECK (json_valid(`selected_options`)),
  `created_at` timestamp NULL DEFAULT NULL,
  `updated_at` timestamp NULL DEFAULT NULL,
  PRIMARY KEY (`id`),
  KEY `cart_items_cart_id_foreign` (`cart_id`),
  KEY `cart_items_product_id_foreign` (`product_id`),
  CONSTRAINT `cart_items_cart_id_foreign` FOREIGN KEY (`cart_id`) REFERENCES `carts` (`id`) ON DELETE CASCADE,
  CONSTRAINT `cart_items_product_id_foreign` FOREIGN KEY (`product_id`) REFERENCES `products` (`id`) ON DELETE CASCADE
) ENGINE=InnoDB AUTO_INCREMENT=803 DEFAULT CHARSET=utf8mb4 COLLATE=utf8mb4_unicode_ci;
/*!40101 SET character_set_client = @saved_cs_client */;

--
-- Dumping data for table `cart_items`
--

LOCK TABLES `cart_items` WRITE;
/*!40000 ALTER TABLE `cart_items` DISABLE KEYS */;
/*!40000 ALTER TABLE `cart_items` ENABLE KEYS */;
UNLOCK TABLES;

--
-- Table structure for table `carts`
--

DROP TABLE IF EXISTS `carts`;
/*!40101 SET @saved_cs_client     = @@character_set_client */;
/*!40101 SET character_set_client = utf8mb4 */;
CREATE TABLE `carts` (
  `id` bigint(20) unsigned NOT NULL AUTO_INCREMENT,
  `session_id` varchar(191) NOT NULL,
  `expires_at` timestamp NULL DEFAULT NULL,
  `created_at` timestamp NULL DEFAULT NULL,
  `updated_at` timestamp NULL DEFAULT NULL,
  PRIMARY KEY (`id`)
) ENGINE=InnoDB AUTO_INCREMENT=5129 DEFAULT CHARSET=utf8mb4 COLLATE=utf8mb4_unicode_ci;
/*!40101 SET character_set_client = @saved_cs_client */;

--
-- Dumping data for table `carts`
--

LOCK TABLES `carts` WRITE;
/*!40000 ALTER TABLE `carts` DISABLE KEYS */;
/*!40000 ALTER TABLE `carts` ENABLE KEYS */;
UNLOCK TABLES;

--
-- Table structure for table `categories`
--

DROP TABLE IF EXISTS `categories`;
/*!40101 SET @saved_cs_client     = @@character_set_client */;
/*!40101 SET character_set_client = utf8mb4 */;
CREATE TABLE `categories` (
  `id` bigint(20) unsigned NOT NULL AUTO_INCREMENT,
  `name` varchar(191) NOT NULL,
  `created_at` timestamp NULL DEFAULT NULL,
  `updated_at` timestamp NULL DEFAULT NULL,
  PRIMARY KEY (`id`)
) ENGINE=InnoDB AUTO_INCREMENT=22 DEFAULT CHARSET=utf8mb4 COLLATE=utf8mb4_unicode_ci;
/*!40101 SET character_set_client = @saved_cs_client */;

--
-- Dumping data for table `categories`
--

LOCK TABLES `categories` WRITE;
/*!40000 ALTER TABLE `categories` DISABLE KEYS */;
INSERT INTO `categories` VALUES (1,'Whey Protein','2024-08-20 22:28:53','2024-08-20 22:28:53'),(2,'Whey Protein Isolate','2024-08-20 22:28:53','2024-08-20 22:28:53'),(3,'Creatine','2024-08-20 22:28:53','2024-08-20 22:28:53'),(4,'Mass Gainers','2024-08-20 22:28:53','2024-08-20 22:28:53'),(5,'Offers','2024-08-20 22:28:53','2024-08-20 22:28:53'),(6,'Amino Acids','2024-08-20 22:28:53','2024-08-20 22:28:53'),(7,'Testosterone Boosters','2024-08-20 22:28:53','2024-08-20 22:28:53'),(8,'EAA & BCAA','2024-08-20 22:28:53','2024-08-20 22:28:53'),(9,'Pre-Workout','2024-08-20 22:28:53','2024-08-20 22:28:53'),(10,'Herbs','2024-08-20 22:28:53','2024-08-20 22:28:53'),(11,'Vitamins','2024-08-20 22:28:53','2024-08-20 22:28:53'),(12,'Fat Burner','2024-08-20 22:28:53','2024-08-20 22:28:53'),(13,'Carbs','2024-08-20 22:28:53','2024-08-20 22:28:53'),(14,'Beef Protein','2024-08-20 22:28:53','2024-08-20 22:28:53'),(15,'Collagen','2024-08-20 22:28:53','2024-08-20 22:28:53'),(16,'Shakers','2024-08-20 22:28:53','2024-08-20 22:28:53'),(17,'Gym Gear','2024-08-20 22:28:53','2024-08-20 22:28:53'),(18,'Shirts','2024-08-20 22:28:53','2024-08-20 22:28:53'),(19,'Protein Bars','2024-08-20 22:28:53','2024-08-20 22:28:53'),(20,'Vegan protein','2024-09-14 21:27:47','2024-09-14 21:27:47'),(21,'Casein','2025-02-15 18:24:22','2025-02-15 18:24:22');
/*!40000 ALTER TABLE `categories` ENABLE KEYS */;
UNLOCK TABLES;

--
-- Table structure for table `failed_jobs`
--

DROP TABLE IF EXISTS `failed_jobs`;
/*!40101 SET @saved_cs_client     = @@character_set_client */;
/*!40101 SET character_set_client = utf8mb4 */;
CREATE TABLE `failed_jobs` (
  `id` bigint(20) unsigned NOT NULL AUTO_INCREMENT,
  `uuid` varchar(191) NOT NULL,
  `connection` text NOT NULL,
  `queue` text NOT NULL,
  `payload` longtext NOT NULL,
  `exception` longtext NOT NULL,
  `failed_at` timestamp NOT NULL DEFAULT current_timestamp(),
  PRIMARY KEY (`id`),
  UNIQUE KEY `failed_jobs_uuid_unique` (`uuid`)
) ENGINE=InnoDB DEFAULT CHARSET=utf8mb4 COLLATE=utf8mb4_unicode_ci;
/*!40101 SET character_set_client = @saved_cs_client */;

--
-- Dumping data for table `failed_jobs`
--

LOCK TABLES `failed_jobs` WRITE;
/*!40000 ALTER TABLE `failed_jobs` DISABLE KEYS */;
/*!40000 ALTER TABLE `failed_jobs` ENABLE KEYS */;
UNLOCK TABLES;

--
-- Table structure for table `faqs`
--

DROP TABLE IF EXISTS `faqs`;
/*!40101 SET @saved_cs_client     = @@character_set_client */;
/*!40101 SET character_set_client = utf8mb4 */;
CREATE TABLE `faqs` (
  `id` bigint(20) unsigned NOT NULL AUTO_INCREMENT,
  `question` text NOT NULL,
  `answer` text NOT NULL,
  `created_at` timestamp NULL DEFAULT NULL,
  `updated_at` timestamp NULL DEFAULT NULL,
  PRIMARY KEY (`id`)
) ENGINE=InnoDB AUTO_INCREMENT=7 DEFAULT CHARSET=utf8mb4 COLLATE=utf8mb4_unicode_ci;
/*!40101 SET character_set_client = @saved_cs_client */;

--
-- Dumping data for table `faqs`
--

LOCK TABLES `faqs` WRITE;
/*!40000 ALTER TABLE `faqs` DISABLE KEYS */;
INSERT INTO `faqs` VALUES (1,'What types of supplements do you offer?','We offer a wide range of supplements including protein powders, amino acids, creatine, pre-workout and post-workout formulas, energy boosters, and vitamins. Our products cater to various fitness goals, from muscle building to enhanced recovery and overall wellness.',NULL,NULL),(2,'How do I choose the right supplement for my goals?','To choose the right supplement, start by identifying your fitness goals (e.g., muscle gain, improved endurance, or faster recovery). You can consult our product descriptions and ingredient lists to find supplements tailored to your needs. If you need personalized advice, our customer service team is available to help guide you.',NULL,NULL),(3,'Are your supplements safe to use?','Yes, all of our supplements are made with high-quality ingredients and adhere to stringent safety standards. We work with reputable manufacturers and ensure that our products are tested for purity and efficacy. However, if you have any specific health concerns or conditions, please consult with a healthcare professional before starting any new supplement regimen.',NULL,NULL),(4,'Are your supplements registered with the Ministry of Health in Lebanon?','Yes, all of our supplements are registered with the Ministry of Health in Lebanon. We ensure that our products meet the regulatory standards and guidelines set by the Ministry to guarantee their safety and efficacy. If you have any specific concerns or need further information about our product registrations, please feel free to contact us.',NULL,NULL),(5,'Can I use multiple supplements at the same time?','Combining supplements can be effective if done correctly. For example, you might use a protein powder for muscle recovery and a pre-workout supplement for energy. It’s important to follow recommended dosages and avoid excessive use. For personalized recommendations, you can consult with a nutritionist or contact our customer service team.',NULL,NULL),(6,'How does the order process work?','After placing your order, you will receive an email with a receipt confirming your purchase. Our team will then contact you to confirm the details of your order. Once everything is confirmed, your order will be processed and delivered to you within 2 days. If you have any questions or need assistance during the process, feel free to reach out to our customer service team.',NULL,NULL);
/*!40000 ALTER TABLE `faqs` ENABLE KEYS */;
UNLOCK TABLES;

--
-- Table structure for table `job_batches`
--

DROP TABLE IF EXISTS `job_batches`;
/*!40101 SET @saved_cs_client     = @@character_set_client */;
/*!40101 SET character_set_client = utf8mb4 */;
CREATE TABLE `job_batches` (
  `id` varchar(191) NOT NULL,
  `name` varchar(191) NOT NULL,
  `total_jobs` int(11) NOT NULL,
  `pending_jobs` int(11) NOT NULL,
  `failed_jobs` int(11) NOT NULL,
  `failed_job_ids` longtext NOT NULL,
  `options` mediumtext DEFAULT NULL,
  `cancelled_at` int(11) DEFAULT NULL,
  `created_at` int(11) NOT NULL,
  `finished_at` int(11) DEFAULT NULL,
  PRIMARY KEY (`id`)
) ENGINE=InnoDB DEFAULT CHARSET=utf8mb4 COLLATE=utf8mb4_unicode_ci;
/*!40101 SET character_set_client = @saved_cs_client */;

--
-- Dumping data for table `job_batches`
--

LOCK TABLES `job_batches` WRITE;
/*!40000 ALTER TABLE `job_batches` DISABLE KEYS */;
/*!40000 ALTER TABLE `job_batches` ENABLE KEYS */;
UNLOCK TABLES;

--
-- Table structure for table `jobs`
--

DROP TABLE IF EXISTS `jobs`;
/*!40101 SET @saved_cs_client     = @@character_set_client */;
/*!40101 SET character_set_client = utf8mb4 */;
CREATE TABLE `jobs` (
  `id` bigint(20) unsigned NOT NULL AUTO_INCREMENT,
  `queue` varchar(191) NOT NULL,
  `payload` longtext NOT NULL,
  `attempts` tinyint(3) unsigned NOT NULL,
  `reserved_at` int(10) unsigned DEFAULT NULL,
  `available_at` int(10) unsigned NOT NULL,
  `created_at` int(10) unsigned NOT NULL,
  PRIMARY KEY (`id`),
  KEY `jobs_queue_index` (`queue`)
) ENGINE=InnoDB DEFAULT CHARSET=utf8mb4 COLLATE=utf8mb4_unicode_ci;
/*!40101 SET character_set_client = @saved_cs_client */;

--
-- Dumping data for table `jobs`
--

LOCK TABLES `jobs` WRITE;
/*!40000 ALTER TABLE `jobs` DISABLE KEYS */;
/*!40000 ALTER TABLE `jobs` ENABLE KEYS */;
UNLOCK TABLES;

--
-- Table structure for table `migrations`
--

DROP TABLE IF EXISTS `migrations`;
/*!40101 SET @saved_cs_client     = @@character_set_client */;
/*!40101 SET character_set_client = utf8mb4 */;
CREATE TABLE `migrations` (
  `id` int(10) unsigned NOT NULL AUTO_INCREMENT,
  `migration` varchar(191) NOT NULL,
  `batch` int(11) NOT NULL,
  PRIMARY KEY (`id`)
) ENGINE=InnoDB AUTO_INCREMENT=20 DEFAULT CHARSET=utf8mb4 COLLATE=utf8mb4_unicode_ci;
/*!40101 SET character_set_client = @saved_cs_client */;

--
-- Dumping data for table `migrations`
--

LOCK TABLES `migrations` WRITE;
/*!40000 ALTER TABLE `migrations` DISABLE KEYS */;
INSERT INTO `migrations` VALUES (1,'0001_01_01_000000_create_users_table',1),(2,'0001_01_01_000001_create_cache_table',1),(3,'0001_01_01_000002_create_jobs_table',1),(4,'2024_07_29_082114_create_categories_table',1),(5,'2024_07_30_081303_create_products_table',1),(6,'2024_07_30_084314_create_product_images_table',1),(7,'2024_07_30_090214_create_carts_table',1),(8,'2024_07_30_090341_create_cart_items_table',1),(9,'2024_07_30_090542_create_orders_table',1),(10,'2024_07_30_090850_create_order_items_table',1),(11,'2024_07_30_091132_create_shipping_details_table',1),(12,'2024_07_30_204435_create_banners_table',1),(13,'2024_07_31_000000_create_options_table',1),(14,'2024_08_01_000000_create_product_options_table',1),(15,'2024_08_01_154553_create_planes_table',1),(16,'2024_08_01_155326_create_faqs_table',1),(17,'2024_08_02_202838_create_cart_item_options_table',1),(18,'2024_08_02_202842_create_order_item_options_table',1),(19,'2024_08_03_203959_create_reviews_table',1);
/*!40000 ALTER TABLE `migrations` ENABLE KEYS */;
UNLOCK TABLES;

--
-- Table structure for table `options`
--

DROP TABLE IF EXISTS `options`;
/*!40101 SET @saved_cs_client     = @@character_set_client */;
/*!40101 SET character_set_client = utf8mb4 */;
CREATE TABLE `options` (
  `id` bigint(20) unsigned NOT NULL AUTO_INCREMENT,
  `option_name` varchar(191) NOT NULL,
  `created_at` timestamp NULL DEFAULT NULL,
  `updated_at` timestamp NULL DEFAULT NULL,
  PRIMARY KEY (`id`)
) ENGINE=InnoDB AUTO_INCREMENT=4 DEFAULT CHARSET=utf8mb4 COLLATE=utf8mb4_unicode_ci;
/*!40101 SET character_set_client = @saved_cs_client */;

--
-- Dumping data for table `options`
--

LOCK TABLES `options` WRITE;
/*!40000 ALTER TABLE `options` DISABLE KEYS */;
INSERT INTO `options` VALUES (1,'Flavor','2024-08-21 18:12:46','2024-08-21 18:12:46'),(2,'Size','2024-08-21 18:12:53','2024-08-21 18:12:53'),(3,'Color','2024-08-21 18:13:00','2024-08-21 18:13:00');
/*!40000 ALTER TABLE `options` ENABLE KEYS */;
UNLOCK TABLES;

--
-- Table structure for table `order_item_options`
--

DROP TABLE IF EXISTS `order_item_options`;
/*!40101 SET @saved_cs_client     = @@character_set_client */;
/*!40101 SET character_set_client = utf8mb4 */;
CREATE TABLE `order_item_options` (
  `id` bigint(20) unsigned NOT NULL AUTO_INCREMENT,
  `order_item_id` bigint(20) unsigned NOT NULL,
  `product_option_id` bigint(20) unsigned NOT NULL,
  `created_at` timestamp NULL DEFAULT NULL,
  `updated_at` timestamp NULL DEFAULT NULL,
  PRIMARY KEY (`id`),
  KEY `order_item_options_order_item_id_foreign` (`order_item_id`),
  KEY `order_item_options_product_option_id_foreign` (`product_option_id`),
  CONSTRAINT `order_item_options_order_item_id_foreign` FOREIGN KEY (`order_item_id`) REFERENCES `order_items` (`id`) ON DELETE CASCADE,
  CONSTRAINT `order_item_options_product_option_id_foreign` FOREIGN KEY (`product_option_id`) REFERENCES `product_options` (`id`) ON DELETE CASCADE
) ENGINE=InnoDB DEFAULT CHARSET=utf8mb4 COLLATE=utf8mb4_unicode_ci;
/*!40101 SET character_set_client = @saved_cs_client */;

--
-- Dumping data for table `order_item_options`
--

LOCK TABLES `order_item_options` WRITE;
/*!40000 ALTER TABLE `order_item_options` DISABLE KEYS */;
/*!40000 ALTER TABLE `order_item_options` ENABLE KEYS */;
UNLOCK TABLES;

--
-- Table structure for table `order_items`
--

DROP TABLE IF EXISTS `order_items`;
/*!40101 SET @saved_cs_client     = @@character_set_client */;
/*!40101 SET character_set_client = utf8mb4 */;
CREATE TABLE `order_items` (
  `id` bigint(20) unsigned NOT NULL AUTO_INCREMENT,
  `order_id` bigint(20) unsigned NOT NULL,
  `product_id` bigint(20) unsigned NOT NULL,
  `quantity` int(11) NOT NULL,
  `price` decimal(8,2) NOT NULL,
  `selected_options` longtext CHARACTER SET utf8mb4 COLLATE utf8mb4_bin DEFAULT NULL CHECK (json_valid(`selected_options`)),
  `created_at` timestamp NULL DEFAULT NULL,
  `updated_at` timestamp NULL DEFAULT NULL,
  PRIMARY KEY (`id`),
  KEY `order_items_order_id_foreign` (`order_id`),
  KEY `order_items_product_id_foreign` (`product_id`),
  CONSTRAINT `order_items_order_id_foreign` FOREIGN KEY (`order_id`) REFERENCES `orders` (`id`) ON DELETE CASCADE,
  CONSTRAINT `order_items_product_id_foreign` FOREIGN KEY (`product_id`) REFERENCES `products` (`id`) ON DELETE CASCADE
) ENGINE=InnoDB AUTO_INCREMENT=173 DEFAULT CHARSET=utf8mb4 COLLATE=utf8mb4_unicode_ci;
/*!40101 SET character_set_client = @saved_cs_client */;

--
-- Dumping data for table `order_items`
--

LOCK TABLES `order_items` WRITE;
/*!40000 ALTER TABLE `order_items` DISABLE KEYS */;
INSERT INTO `order_items` VALUES (13,12,86,1,30.00,'[]','2024-09-08 23:16:40','2024-09-08 23:16:40'),(14,13,120,1,5.00,'[]','2024-09-10 12:46:37','2024-09-10 12:46:37'),(15,13,30,1,18.40,'[]','2024-09-10 12:46:37','2024-09-10 12:46:37'),(23,16,13,1,35.00,'[]','2024-09-14 13:56:48','2024-09-14 13:56:48'),(27,18,13,1,35.00,'[]','2024-09-15 23:57:38','2024-09-15 23:57:38'),(31,20,45,1,25.00,'{\"Flavor\":\"Rainbow Candy\"}','2024-09-18 01:15:58','2024-09-18 01:15:58'),(32,21,13,1,35.00,'[]','2024-09-18 21:39:46','2024-09-18 21:39:46'),(33,22,2,1,80.00,'{\"Flavor\":\"Vanilla Ice Cream\"}','2024-09-19 19:33:24','2024-09-19 19:33:24'),(34,22,3,1,55.00,'{\"Flavor\":\"Cookies & Cream\"}','2024-09-19 19:33:24','2024-09-19 19:33:24'),(35,23,162,1,25.00,'[]','2024-09-21 15:31:47','2024-09-21 15:31:47'),(36,23,15,1,99.00,'{\"Flavor\":\"Chocolate\"}','2024-09-21 15:31:47','2024-09-21 15:31:47'),(38,24,5,1,35.00,'{\"Flavor\":\"Cookies & Cream\"}','2024-09-29 00:05:31','2024-09-29 00:05:31'),(39,25,34,1,20.00,'[]','2024-09-29 05:16:41','2024-09-29 05:16:41'),(40,26,79,1,30.00,'{\"Flavor\":\"Mango\"}','2024-09-29 21:44:27','2024-09-29 21:44:27'),(41,27,34,1,20.00,'[]','2024-09-30 05:17:59','2024-09-30 05:17:59'),(42,28,13,1,35.00,'[]','2024-10-03 18:08:01','2024-10-03 18:08:01'),(43,29,161,1,65.00,'{\"Flavor\":\"Double Rich Chocolate\"}','2024-10-04 06:42:21','2024-10-04 06:42:21'),(44,29,74,1,35.00,'{\"Flavor\":\"Fruit punch\"}','2024-10-04 06:42:21','2024-10-04 06:42:21'),(45,29,45,1,25.00,'{\"Flavor\":\"Cali Splash\"}','2024-10-04 06:42:21','2024-10-04 06:42:21'),(46,29,123,1,4.00,'[]','2024-10-04 06:42:21','2024-10-04 06:42:21'),(47,30,13,1,35.00,'[]','2024-10-05 01:58:46','2024-10-05 01:58:46'),(48,31,30,1,18.40,'[]','2024-10-12 18:51:04','2024-10-12 18:51:04'),(49,32,30,1,18.40,'[]','2024-10-12 19:10:17','2024-10-12 19:10:17'),(50,33,39,1,65.00,'{\"Flavor\":\"Triple chocolate  brownie\"}','2024-10-12 20:24:25','2024-10-12 20:24:25'),(51,33,118,1,6.00,'[]','2024-10-12 20:24:25','2024-10-12 20:24:25'),(52,34,30,2,18.40,'[]','2024-10-13 00:04:11','2024-10-13 00:04:11'),(53,34,45,1,25.00,'{\"Flavor\":\"Tigers Blood\"}','2024-10-13 00:04:11','2024-10-13 00:04:11'),(54,35,30,2,18.40,'[]','2024-10-13 00:06:47','2024-10-13 00:06:47'),(55,35,45,1,25.00,'{\"Flavor\":\"Tigers Blood\"}','2024-10-13 00:06:47','2024-10-13 00:06:47'),(56,36,119,1,4.00,'[]','2024-10-13 00:57:01','2024-10-13 00:57:01'),(57,37,30,2,18.40,'[]','2024-10-13 02:16:41','2024-10-13 02:16:41'),(58,37,45,1,25.00,'{\"Flavor\":\"Tigers Blood\"}','2024-10-13 02:16:41','2024-10-13 02:16:41'),(63,42,13,1,35.00,'[]','2024-10-13 16:11:03','2024-10-13 16:11:03'),(67,46,2,1,80.00,'{\"Flavor\":\"Banana\"}','2024-10-16 00:00:31','2024-10-16 00:00:31'),(68,47,3,1,55.00,'{\"Flavor\":\"Cookies & Cream\"}','2024-10-16 00:05:58','2024-10-16 00:05:58'),(69,48,183,1,22.00,'[]','2024-10-17 17:01:21','2024-10-17 17:01:21'),(70,49,31,1,30.00,'[]','2024-10-19 14:13:20','2024-10-19 14:13:20'),(71,49,62,1,20.00,'[]','2024-10-19 14:13:20','2024-10-19 14:13:20'),(72,49,163,1,15.00,'[]','2024-10-19 14:13:20','2024-10-19 14:13:20'),(73,50,30,1,18.40,'[]','2024-10-20 17:40:48','2024-10-20 17:40:48'),(74,51,30,1,18.40,'[]','2024-10-26 15:34:38','2024-10-26 15:34:38'),(75,51,3,1,55.00,'{\"Flavor\":\"Chocolate\"}','2024-10-26 15:34:38','2024-10-26 15:34:38'),(76,52,39,1,65.00,'{\"Flavor\":\"Triple chocolate  brownie\"}','2024-11-04 18:00:33','2024-11-04 18:00:33'),(77,52,119,1,4.00,'[]','2024-11-04 18:00:33','2024-11-04 18:00:33'),(86,61,61,1,15.00,'[]','2024-11-05 15:51:04','2024-11-05 15:51:04'),(87,62,7,1,45.00,'{\"Flavor\":\"Peanut Butter Ice Cream Bar\"}','2024-11-06 22:22:45','2024-11-06 22:22:45'),(88,62,34,1,20.00,'[]','2024-11-06 22:22:45','2024-11-06 22:22:45'),(89,63,45,1,25.00,'{\"Flavor\":\"Tigers Blood\"}','2024-11-07 00:59:34','2024-11-07 00:59:34'),(90,64,96,1,25.00,'[]','2024-11-07 16:41:17','2024-11-07 16:41:17'),(91,64,7,1,45.00,'{\"Flavor\":\"Strawberry CAKE\"}','2024-11-07 16:41:17','2024-11-07 16:41:17'),(92,64,7,1,45.00,'{\"Flavor\":\"Peanut Butter Ice Cream Bar\"}','2024-11-07 16:41:17','2024-11-07 16:41:17'),(93,65,45,1,25.00,'{\"Flavor\":\"Vice City\"}','2024-11-07 16:46:56','2024-11-07 16:46:56'),(94,66,45,2,25.00,'{\"Flavor\":\"Tigers Blood\"}','2024-11-08 01:12:54','2024-11-08 01:12:54'),(98,70,13,1,35.00,'[]','2024-11-22 22:32:58','2024-11-22 22:32:58'),(99,71,13,1,35.00,'[]','2024-11-23 04:37:48','2024-11-23 04:37:48'),(100,72,34,1,20.00,'[]','2024-12-07 04:21:15','2024-12-07 04:21:15'),(101,73,122,1,4.00,'[]','2024-12-10 16:02:20','2024-12-10 16:02:20'),(102,73,5,1,35.00,'{\"Flavor\":\"Cookies & Cream\"}','2024-12-10 16:02:20','2024-12-10 16:02:20'),(104,75,30,2,18.40,'[]','2024-12-11 18:56:07','2024-12-11 18:56:07'),(105,75,7,1,45.00,'{\"Flavor\":\"VANILLA CARAMEL\"}','2024-12-11 18:56:07','2024-12-11 18:56:07'),(106,75,45,3,25.00,'{\"Flavor\":\"Blue Lemonade\"}','2024-12-11 18:56:07','2024-12-11 18:56:07'),(107,76,14,1,110.00,'[]','2024-12-12 21:14:52','2024-12-12 21:14:52'),(108,76,96,1,25.00,'[]','2024-12-12 21:14:52','2024-12-12 21:14:52'),(109,76,119,1,4.00,'[]','2024-12-12 21:14:52','2024-12-12 21:14:52'),(110,77,95,1,25.00,'[]','2024-12-20 07:00:19','2024-12-20 07:00:19'),(112,79,111,1,30.00,'[]','2025-01-02 19:28:21','2025-01-02 19:28:21'),(113,80,45,1,25.00,'{\"Flavor\":\"Cali Splash\"}','2025-01-04 03:09:32','2025-01-04 03:09:32'),(114,81,44,2,35.00,'{\"Flavor\":\"Chocolate\"}','2025-01-09 00:31:03','2025-01-09 00:31:03'),(115,82,13,1,35.00,'[]','2025-01-11 07:01:34','2025-01-11 07:01:34'),(116,83,138,2,25.00,'{\"Flavor\":\"Chocolate\"}','2025-01-12 16:13:58','2025-01-12 16:13:58'),(117,84,96,2,25.00,'[]','2025-01-16 01:39:05','2025-01-16 01:39:05'),(118,85,5,1,35.00,'{\"Flavor\":\"Cookies & Cream\"}','2025-01-20 16:08:40','2025-01-20 16:08:40'),(119,86,45,1,25.00,'{\"Flavor\":\"Cali Splash\"}','2025-01-22 16:33:15','2025-01-22 16:33:15'),(120,87,30,1,18.40,'[]','2025-01-22 22:21:02','2025-01-22 22:21:02'),(121,88,7,1,45.00,'{\"Flavor\":\"Chocolate Cookie\"}','2025-02-03 22:31:16','2025-02-03 22:31:16'),(122,89,114,1,20.00,'[]','2025-02-05 13:39:42','2025-02-05 13:39:42'),(125,92,13,1,35.00,'[]','2025-02-17 18:32:34','2025-02-17 18:32:34'),(126,93,15,1,99.00,'{\"Flavor\":\"Chocolate\"}','2025-02-19 23:31:22','2025-02-19 23:31:22'),(127,94,13,1,35.00,'[]','2025-02-21 04:23:46','2025-02-21 04:23:46'),(128,95,174,1,30.00,'{\"Flavor\":\"Vanilla\"}','2025-02-24 17:58:47','2025-02-24 17:58:47'),(129,96,45,1,25.00,'{\"Flavor\":\"Strawberry Kiwi\"}','2025-02-24 22:18:07','2025-02-24 22:18:07'),(130,96,45,1,25.00,'{\"Flavor\":\"Sour Gummy Bear\"}','2025-02-24 22:18:07','2025-02-24 22:18:07'),(131,96,13,1,35.00,'[]','2025-02-24 22:18:07','2025-02-24 22:18:07'),(132,97,13,1,35.00,'[]','2025-02-28 01:19:00','2025-02-28 01:19:00'),(133,97,159,2,2.00,'[]','2025-02-28 01:19:00','2025-02-28 01:19:00'),(134,98,13,1,35.00,'[]','2025-02-28 01:19:00','2025-02-28 01:19:00'),(135,98,159,2,2.00,'[]','2025-02-28 01:19:00','2025-02-28 01:19:00'),(136,99,3,1,55.00,'{\"Flavor\":\"Strawberry\"}','2025-03-02 06:04:33','2025-03-02 06:04:33'),(137,100,101,1,30.00,'[]','2025-03-02 09:45:04','2025-03-02 09:45:04'),(138,101,117,1,8.00,'[]','2025-03-06 18:24:10','2025-03-06 18:24:10'),(142,105,114,1,20.00,'[]','2025-03-18 03:57:24','2025-03-18 03:57:24'),(143,106,172,1,16.00,'[]','2025-03-25 01:07:53','2025-03-25 01:07:53'),(144,107,114,1,20.00,'[]','2025-03-25 16:16:42','2025-03-25 16:16:42'),(145,107,217,1,20.00,'[]','2025-03-25 16:16:42','2025-03-25 16:16:42'),(146,108,30,1,18.00,'[]','2025-03-29 18:51:57','2025-03-29 18:51:57'),(147,109,3,1,55.00,'{\"Flavor\":\"Chocolate\"}','2025-04-04 08:40:30','2025-04-04 08:40:30'),(148,110,13,1,35.00,'[]','2025-04-05 17:57:25','2025-04-05 17:57:25'),(149,110,16,1,65.00,'{\"Flavor\":\"Chocolate Brownie\"}','2025-04-05 17:57:25','2025-04-05 17:57:25'),(150,110,16,1,65.00,'{\"Flavor\":\"Vanilla Cookie\"}','2025-04-05 17:57:25','2025-04-05 17:57:25'),(151,110,159,1,2.00,'[]','2025-04-05 17:57:25','2025-04-05 17:57:25'),(152,110,158,1,2.00,'[]','2025-04-05 17:57:25','2025-04-05 17:57:25'),(153,111,7,1,45.00,'{\"Flavor\":\"Milk & Cookies\"}','2025-04-08 15:29:51','2025-04-08 15:29:51'),(156,114,226,1,23.00,'{\"Flavor\":\"Blue Raspberry\"}','2025-04-09 23:16:10','2025-04-09 23:16:10'),(157,115,39,1,65.00,'{\"Flavor\":\"Triple chocolate  brownie\"}','2025-04-13 22:22:28','2025-04-13 22:22:28'),(158,116,16,1,65.00,'{\"Flavor\":\"Chocolate Brownie\"}','2025-04-15 18:36:59','2025-04-15 18:36:59'),(160,118,90,1,30.00,'[]','2025-04-16 19:09:45','2025-04-16 19:09:45'),(161,119,217,1,20.00,'[]','2025-04-19 19:44:58','2025-04-19 19:44:58'),(162,119,13,1,35.00,'[]','2025-04-19 19:44:58','2025-04-19 19:44:58'),(163,120,224,1,45.00,'[]','2025-04-28 08:56:35','2025-04-28 08:56:35'),(164,121,213,1,25.00,'[]','2025-04-30 00:46:51','2025-04-30 00:46:51'),(165,122,114,1,20.00,'[]','2025-05-04 17:10:53','2025-05-04 17:10:53'),(166,122,134,1,30.00,'{\"Flavor\":\"Snow cone\"}','2025-05-04 17:10:53','2025-05-04 17:10:53'),(167,123,3,1,55.00,'{\"Flavor\":\"Chocolate\"}','2025-05-05 15:35:08','2025-05-05 15:35:08'),(168,123,58,1,25.00,'{\"Flavor\":\"Lemon\"}','2025-05-05 15:35:08','2025-05-05 15:35:08'),(169,123,62,1,20.00,'[]','2025-05-05 15:35:08','2025-05-05 15:35:08'),(170,124,177,1,33.00,'{\"Flavor\":\"Strawberry-BANANA\"}','2025-05-05 20:14:19','2025-05-05 20:14:19'),(171,125,257,1,45.00,'[]','2025-05-24 06:59:39','2025-05-24 06:59:39');
/*!40000 ALTER TABLE `order_items` ENABLE KEYS */;
UNLOCK TABLES;

--
-- Table structure for table `orders`
--

DROP TABLE IF EXISTS `orders`;
/*!40101 SET @saved_cs_client     = @@character_set_client */;
/*!40101 SET character_set_client = utf8mb4 */;
CREATE TABLE `orders` (
  `id` bigint(20) unsigned NOT NULL AUTO_INCREMENT,
  `total_amount` decimal(8,2) NOT NULL,
  `status` varchar(191) NOT NULL,
  `created_at` timestamp NULL DEFAULT NULL,
  `updated_at` timestamp NULL DEFAULT NULL,
  PRIMARY KEY (`id`)
) ENGINE=InnoDB AUTO_INCREMENT=127 DEFAULT CHARSET=utf8mb4 COLLATE=utf8mb4_unicode_ci;
/*!40101 SET character_set_client = @saved_cs_client */;

--
-- Dumping data for table `orders`
--

LOCK TABLES `orders` WRITE;
/*!40000 ALTER TABLE `orders` DISABLE KEYS */;
INSERT INTO `orders` VALUES (12,30.00,'delivered','2024-09-08 23:16:40','2024-09-10 00:51:33'),(13,23.40,'delivered','2024-09-10 12:46:37','2024-09-11 20:23:41'),(16,35.00,'delivered','2024-09-14 13:56:48','2024-09-14 14:44:19'),(18,35.00,'delivered','2024-09-15 23:57:38','2024-09-16 18:16:22'),(20,25.00,'delivered','2024-09-18 01:15:58','2024-09-18 17:49:05'),(21,35.00,'delivered','2024-09-18 21:39:46','2024-09-18 22:41:23'),(22,135.00,'delivered','2024-09-19 19:33:24','2024-09-19 22:51:51'),(23,124.00,'delivered','2024-09-21 15:31:47','2024-09-21 18:11:14'),(24,40.00,'delivered','2024-09-29 00:05:31','2024-11-05 19:02:56'),(25,20.00,'delivered','2024-09-29 05:16:41','2024-11-05 19:02:43'),(26,30.00,'delivered','2024-09-29 21:44:27','2024-11-05 19:02:31'),(27,20.00,'delivered','2024-09-30 05:17:59','2024-11-05 19:02:07'),(28,35.00,'delivered','2024-10-03 18:08:01','2024-11-05 19:00:42'),(29,129.00,'delivered','2024-10-04 06:42:21','2024-11-05 18:58:30'),(30,35.00,'delivered','2024-10-05 01:58:46','2024-11-05 18:56:50'),(31,18.40,'delivered','2024-10-12 18:51:04','2024-11-05 18:55:07'),(32,18.40,'delivered','2024-10-12 19:10:17','2024-11-05 18:54:32'),(33,71.00,'delivered','2024-10-12 20:24:25','2024-11-05 18:54:00'),(34,61.80,'delivered','2024-10-13 00:04:11','2024-11-05 18:52:20'),(35,61.80,'delivered','2024-10-13 00:06:47','2024-11-05 18:52:05'),(36,4.00,'delivered','2024-10-13 00:57:01','2024-11-05 18:51:55'),(37,61.80,'delivered','2024-10-13 02:16:41','2024-11-05 18:51:49'),(42,35.00,'delivered','2024-10-13 16:11:03','2024-11-05 18:50:50'),(46,80.00,'delivered','2024-10-16 00:00:30','2024-11-05 18:49:50'),(47,55.00,'delivered','2024-10-16 00:05:58','2024-11-05 18:49:27'),(48,22.00,'delivered','2024-10-17 17:01:21','2024-11-05 18:46:44'),(49,65.00,'delivered','2024-10-19 14:13:20','2024-11-05 18:45:05'),(50,18.40,'delivered','2024-10-20 17:40:48','2024-11-05 18:43:42'),(51,73.40,'delivered','2024-10-26 15:34:38','2024-11-05 18:42:22'),(52,69.00,'delivered','2024-11-04 18:00:33','2024-11-05 18:40:32'),(61,15.00,'delivered','2024-11-05 15:51:04','2024-11-05 18:38:45'),(62,65.00,'delivered','2024-11-06 22:22:45','2024-11-13 19:35:35'),(63,25.00,'delivered','2024-11-07 00:59:33','2024-11-13 19:36:32'),(64,115.00,'delivered','2024-11-07 16:41:17','2024-11-13 19:36:24'),(65,25.00,'delivered','2024-11-07 16:46:56','2024-11-13 19:36:09'),(66,50.00,'delivered','2024-11-08 01:12:54','2024-11-13 19:35:56'),(70,35.00,'delivered','2024-11-22 22:32:58','2025-01-31 20:31:00'),(71,35.00,'delivered','2024-11-23 04:37:48','2025-01-31 20:30:55'),(72,20.00,'delivered','2024-12-07 04:21:15','2025-01-31 20:30:50'),(73,39.00,'delivered','2024-12-10 16:02:19','2025-01-31 20:30:46'),(75,156.80,'delivered','2024-12-11 18:56:07','2025-01-31 20:30:40'),(76,139.00,'delivered','2024-12-12 21:14:52','2025-01-31 20:30:35'),(77,25.00,'delivered','2024-12-20 07:00:19','2025-01-31 20:30:27'),(79,30.00,'delivered','2025-01-02 19:28:20','2025-01-17 19:42:12'),(80,25.00,'delivered','2025-01-04 03:09:32','2025-01-17 19:42:04'),(81,70.00,'delivered','2025-01-09 00:31:03','2025-01-14 21:05:37'),(82,35.00,'delivered','2025-01-11 07:01:34','2025-01-17 19:41:57'),(83,50.00,'delivered','2025-01-12 16:13:58','2025-01-17 19:41:50'),(84,50.00,'delivered','2025-01-16 01:39:05','2025-01-31 20:30:22'),(85,35.00,'delivered','2025-01-20 16:08:39','2025-01-31 20:29:44'),(86,25.00,'delivered','2025-01-22 16:33:15','2025-01-31 20:29:19'),(87,18.40,'delivered','2025-01-22 22:21:02','2025-01-31 20:28:49'),(88,45.00,'delivered','2025-02-03 22:31:16','2025-02-07 18:13:29'),(89,20.00,'delivered','2025-02-05 13:39:42','2025-02-07 18:13:40'),(92,35.00,'delivered','2025-02-17 18:32:34','2025-02-17 21:31:17'),(93,99.00,'delivered','2025-02-19 23:31:22','2025-02-19 23:31:49'),(94,35.00,'delivered','2025-02-21 04:23:46','2025-02-21 15:11:35'),(95,30.00,'delivered','2025-02-24 17:58:47','2025-02-26 15:44:15'),(96,85.00,'delivered','2025-02-24 22:18:07','2025-02-26 15:41:23'),(97,39.00,'delivered','2025-02-28 01:19:00','2025-02-28 16:06:49'),(98,39.00,'delivered','2025-02-28 01:19:00','2025-02-28 16:07:09'),(99,55.00,'delivered','2025-03-02 06:04:33','2025-03-04 15:14:03'),(100,30.00,'delivered','2025-03-02 09:45:04','2025-03-04 15:13:55'),(101,8.00,'delivered','2025-03-06 18:24:10','2025-03-06 19:01:24'),(105,20.00,'delivered','2025-03-18 03:57:24','2025-03-18 14:25:45'),(106,16.00,'delivered','2025-03-25 01:07:53','2025-03-25 14:21:43'),(107,40.00,'delivered','2025-03-25 16:16:42','2025-03-25 16:42:12'),(108,18.00,'delivered','2025-03-29 18:51:57','2025-03-29 19:16:22'),(109,55.00,'delivered','2025-04-04 08:40:30','2025-04-04 14:45:09'),(110,169.00,'delivered','2025-04-05 17:57:25','2025-04-05 18:14:22'),(111,45.00,'delivered','2025-04-08 15:29:51','2025-04-08 16:57:02'),(114,23.00,'delivered','2025-04-09 23:16:10','2025-04-10 17:49:27'),(115,65.00,'delivered','2025-04-13 22:22:28','2025-04-14 15:43:34'),(116,65.00,'delivered','2025-04-15 18:36:59','2025-04-16 19:12:09'),(118,30.00,'delivered','2025-04-16 19:09:45','2025-04-16 19:13:42'),(119,55.00,'delivered','2025-04-19 19:44:58','2025-04-19 20:34:36'),(120,45.00,'delivered','2025-04-28 08:56:35','2025-04-28 16:13:11'),(121,25.00,'delivered','2025-04-30 00:46:51','2025-04-30 14:50:16'),(122,50.00,'delivered','2025-05-04 17:10:53','2025-05-05 15:17:07'),(123,100.00,'delivered','2025-05-05 15:35:07','2025-05-05 19:31:28'),(124,33.00,'delivered','2025-05-05 20:14:18','2025-05-06 17:01:19'),(125,45.00,'delivered','2025-05-24 06:59:39','2025-05-26 20:31:39');
/*!40000 ALTER TABLE `orders` ENABLE KEYS */;
UNLOCK TABLES;

--
-- Table structure for table `password_reset_tokens`
--

DROP TABLE IF EXISTS `password_reset_tokens`;
/*!40101 SET @saved_cs_client     = @@character_set_client */;
/*!40101 SET character_set_client = utf8mb4 */;
CREATE TABLE `password_reset_tokens` (
  `email` varchar(191) NOT NULL,
  `token` varchar(191) NOT NULL,
  `created_at` timestamp NULL DEFAULT NULL,
  PRIMARY KEY (`email`)
) ENGINE=InnoDB DEFAULT CHARSET=utf8mb4 COLLATE=utf8mb4_unicode_ci;
/*!40101 SET character_set_client = @saved_cs_client */;

--
-- Dumping data for table `password_reset_tokens`
--

LOCK TABLES `password_reset_tokens` WRITE;
/*!40000 ALTER TABLE `password_reset_tokens` DISABLE KEYS */;
/*!40000 ALTER TABLE `password_reset_tokens` ENABLE KEYS */;
UNLOCK TABLES;

--
-- Table structure for table `plans`
--

DROP TABLE IF EXISTS `plans`;
/*!40101 SET @saved_cs_client     = @@character_set_client */;
/*!40101 SET character_set_client = utf8mb4 */;
CREATE TABLE `plans` (
  `id` bigint(20) unsigned NOT NULL AUTO_INCREMENT,
  `type` varchar(191) NOT NULL,
  `price` decimal(8,2) NOT NULL,
  `point1` varchar(191) DEFAULT NULL,
  `point2` varchar(191) DEFAULT NULL,
  `point3` varchar(191) DEFAULT NULL,
  `point4` varchar(191) DEFAULT NULL,
  `point5` varchar(191) DEFAULT NULL,
  `created_at` timestamp NULL DEFAULT NULL,
  `updated_at` timestamp NULL DEFAULT NULL,
  PRIMARY KEY (`id`)
) ENGINE=InnoDB DEFAULT CHARSET=utf8mb4 COLLATE=utf8mb4_unicode_ci;
/*!40101 SET character_set_client = @saved_cs_client */;

--
-- Dumping data for table `plans`
--

LOCK TABLES `plans` WRITE;
/*!40000 ALTER TABLE `plans` DISABLE KEYS */;
/*!40000 ALTER TABLE `plans` ENABLE KEYS */;
UNLOCK TABLES;

--
-- Table structure for table `product_images`
--

DROP TABLE IF EXISTS `product_images`;
/*!40101 SET @saved_cs_client     = @@character_set_client */;
/*!40101 SET character_set_client = utf8mb4 */;
CREATE TABLE `product_images` (
  `id` bigint(20) unsigned NOT NULL AUTO_INCREMENT,
  `url` varchar(191) NOT NULL,
  `product_id` bigint(20) unsigned NOT NULL,
  `created_at` timestamp NULL DEFAULT NULL,
  `updated_at` timestamp NULL DEFAULT NULL,
  PRIMARY KEY (`id`),
  KEY `product_images_product_id_foreign` (`product_id`),
  CONSTRAINT `product_images_product_id_foreign` FOREIGN KEY (`product_id`) REFERENCES `products` (`id`) ON DELETE CASCADE
) ENGINE=InnoDB AUTO_INCREMENT=370 DEFAULT CHARSET=utf8mb4 COLLATE=utf8mb4_unicode_ci;
/*!40101 SET character_set_client = @saved_cs_client */;

--
-- Dumping data for table `product_images`
--

LOCK TABLES `product_images` WRITE;
/*!40000 ALTER TABLE `product_images` DISABLE KEYS */;
INSERT INTO `product_images` VALUES (59,'storage/products_images/SKcY6TOSpvH7bXdUjBxpg3WEWWlwJTmE8vLeLrCU.png',2,'2024-08-22 15:57:58','2024-08-22 15:57:58'),(60,'storage/products_images/9otciVOVGhV7yron04DyJvczQEBWhuvsLJxT5e0m.png',3,'2024-08-22 15:58:49','2024-08-22 15:58:49'),(61,'storage/products_images/t1lfFzO83vYpAm1Rv5fMJUNuRh2DfH5zaxiri1ee.png',3,'2024-08-22 15:58:49','2024-08-22 15:58:49'),(63,'storage/products_images/uzjffLC2COsW7BKJ7K0PJU76HHE7EgDXhx3O96FJ.png',3,'2024-08-22 16:00:16','2024-08-22 16:00:16'),(64,'storage/products_images/lYJvnkLltDIleN2Z85IZGC3xh5dO9YBX0QzQtZ7t.png',6,'2024-08-22 16:00:54','2024-08-22 16:00:54'),(66,'storage/products_images/gbZTWfWfLTZJo1VQTla82ZDf2zO5sK8m4ZVa9lsO.png',7,'2024-08-22 16:01:44','2024-08-22 16:01:44'),(67,'storage/products_images/AarhblbzlYbMbEYOuQbdwheBCXfuCYcZ2EVRXBMO.png',7,'2024-08-22 16:01:44','2024-08-22 16:01:44'),(68,'storage/products_images/FP1t0jmAtepCtb02IN7Su2ZQqKfzGh4e5g750mnH.png',9,'2024-08-22 16:02:09','2024-08-22 16:02:09'),(69,'storage/products_images/W2NKbukl1sdkhmmqbXRGsluIRBKS5PeAACLqjVWE.png',11,'2024-08-22 16:04:09','2024-08-22 16:04:09'),(70,'storage/products_images/wMQwUuGBqNTCMeKipY2cz7tYQjN3PyGtlVFCwGNU.png',12,'2024-08-22 16:04:43','2024-08-22 16:04:43'),(71,'storage/products_images/0ePi65kVJ35xXEvOsgIgdslbTSz1gkDm8EB5e6Nd.jpg',13,'2024-08-22 16:05:07','2024-08-22 16:05:07'),(72,'storage/products_images/3z6CsMqd515tDam3hqshZmkqWA6pzbk2o3eD0o9f.jpg',14,'2024-08-22 16:05:58','2024-08-22 16:05:58'),(73,'storage/products_images/huQPdz6ZFFvUnPhEHIiHQXWlEU8RTaGfHZffvJAw.jpg',15,'2024-08-22 16:06:24','2024-08-22 16:06:24'),(75,'storage/products_images/t0H8dOpZQlf9mUVJfVNo2GHuIuG0xOgo6zySdMIU.png',16,'2024-08-22 16:31:11','2024-08-22 16:31:11'),(76,'storage/products_images/AthpjVbIlBfbY429JJHr5T4uFj0w4uTOCNpVs2RX.png',16,'2024-08-22 16:31:11','2024-08-22 16:31:11'),(77,'storage/products_images/ZLG5rbELB7b7oVIxdpb6H0kcSR4BbTwROkAaWc4R.png',16,'2024-08-22 16:32:19','2024-08-22 16:32:19'),(79,'storage/products_images/ArRENnOg83nnaUOKxDi5lcRHrsOABkPiZC3Kka3d.png',25,'2024-08-22 16:48:23','2024-08-22 16:48:23'),(80,'storage/products_images/tuHE9hxG90hlCxA5bR3Rek1Mf4iIKUCMB1akzZsj.png',25,'2024-08-22 16:49:32','2024-08-22 16:49:32'),(82,'storage/products_images/JoUg0MJ8GPpZta9yOXZCMEWC5dP1bOowrBNw3RYb.png',27,'2024-08-22 17:45:10','2024-08-22 17:45:10'),(83,'storage/products_images/dPc0KKab1gFgJZgu2NRoz5zmALDAb8uvxSnMJTKE.png',27,'2024-08-22 17:45:10','2024-08-22 17:45:10'),(84,'storage/products_images/VQoHGL1FqNwToLsYBVFjxDeWKa4nFeUo6M203i4d.png',28,'2024-08-22 18:03:21','2024-08-22 18:03:21'),(85,'storage/products_images/J5nDbaxvptl2L7oh3mpPhpCPGiNGxub1ClZKU0pj.png',28,'2024-08-22 18:03:21','2024-08-22 18:03:21'),(86,'storage/products_images/jgPbtL3KVVtbz6rQcvpmh3KcvFXrU8tmgtsyQ42s.png',29,'2024-08-22 20:34:25','2024-08-22 20:34:25'),(87,'storage/products_images/ys1nf6dwHh5ZwhmTxC1WsCV5rlTaMbP2u396AqDT.png',29,'2024-08-22 20:34:25','2024-08-22 20:34:25'),(88,'storage/products_images/2nlRRKWbKWmfySXCTWPTNeQ9kMJzC5LbXhDMjM0a.png',2,'2024-08-22 20:54:05','2024-08-22 20:54:05'),(89,'storage/products_images/yoawB4WbeFFvOU6Jur3SXYM5JgbpV5pCsiDTzIPI.png',30,'2024-08-22 21:59:56','2024-08-22 21:59:56'),(90,'storage/products_images/GDLyZWLikykdjxKkYIILKfCxmltkLczsT6FrbUcW.png',31,'2024-08-22 22:51:58','2024-08-22 22:51:58'),(92,'storage/products_images/dOjatbVdszMo4Q0eeSTPyBPDDOdfYlKIsnb5xl8x.png',32,'2024-08-22 23:03:21','2024-08-22 23:03:21'),(93,'storage/products_images/7WkW7T0wxqroqNZIBTkcqoe1euZs41NpBM6GtH7F.png',32,'2024-08-22 23:06:39','2024-08-22 23:06:39'),(94,'storage/products_images/w7Py4RGNaETEVq2c77z8cIMmgD4J6N0uN4pT5sDZ.png',33,'2024-08-22 23:27:10','2024-08-22 23:27:10'),(95,'storage/products_images/dOTx3UZZS9kOoRn7pBpuH1oyW43Il59KFOiDbSxq.png',34,'2024-08-22 23:31:50','2024-08-22 23:31:50'),(98,'storage/products_images/p7cMvfcOSRXnU01c7xWFaMPqeu5vIQtiquJVeQB3.png',37,'2024-08-23 00:37:08','2024-08-23 00:37:08'),(100,'storage/products_images/tmfDMEgrDwewHr1eq8qZqU9dxwgEzIaPC4O7BQTU.png',39,'2024-08-23 00:43:57','2024-08-23 00:43:57'),(101,'storage/products_images/o1g01fQHgEzv0kPbKNxTNWjoxbBBQMFpvPyINOOQ.png',40,'2024-08-23 01:02:58','2024-08-23 01:02:58'),(102,'storage/products_images/gmRqXirL5eTd1rqpGzl48IShxEXuSkSXqTxqEix0.png',41,'2024-08-23 01:07:07','2024-08-23 01:07:07'),(103,'storage/products_images/fgAtEVd7IVJ4Bljjr1K5pmsPT20HZpPzRz0vUb0r.png',42,'2024-08-23 01:31:10','2024-08-23 01:31:10'),(104,'storage/products_images/A61Jx47I8vJrnN5fFWiZ7s6eteuV00648h82A517.png',43,'2024-08-23 01:37:04','2024-08-23 01:37:04'),(105,'storage/products_images/fljj3pmWceVvg5rOCwzpquH803fhKtbXiY1cLB1o.png',44,'2024-08-23 01:46:18','2024-08-23 01:46:18'),(106,'storage/products_images/XUQUWSZSgMXfUB2Xuum5jap9mkP8nYfxHy7NKfXI.png',45,'2024-08-23 03:31:28','2024-08-23 03:31:28'),(107,'storage/products_images/2KE0hLxUORBuOtCS4n3JeUfB0hWTNMsu5HVk3rBu.png',46,'2024-08-23 03:41:54','2024-08-23 03:41:54'),(108,'storage/products_images/vfSMFaskn1WVntz2nC3hDF8DQ0YOMLDupOMjX0SU.png',46,'2024-08-23 03:41:54','2024-08-23 03:41:54'),(110,'storage/products_images/jWHB3aaDFQ77WF36Z3Y1mwcUblRJUL4ywYIZDDOK.png',47,'2024-08-23 03:49:56','2024-08-23 03:49:56'),(111,'storage/products_images/SPDdBSPA6jZEewoSvmOQZGzWz3vPVnBD1n2mk2NF.png',47,'2024-08-23 03:49:56','2024-08-23 03:49:56'),(118,'storage/products_images/WdXXAC2vWdoDIT6Yvce4MrtZ8TqcS3TnArdfOsL5.png',47,'2024-08-23 03:55:12','2024-08-23 03:55:12'),(119,'storage/products_images/cE3rEWBoLN9VjodztHtwT981EIzuMMQjQ7d3uwlq.png',50,'2024-08-23 04:09:04','2024-08-23 04:09:04'),(121,'storage/products_images/MwPzVYTJtBQU3Lmh8De4Pu5e9aYwCj9DfZ7GWbcM.png',52,'2024-08-23 21:36:44','2024-08-23 21:36:44'),(122,'storage/products_images/vFCoYhSm5Zwm1nJGoLvc3CYB9Xv16cJ5HvY1Bse6.png',53,'2024-08-23 21:50:06','2024-08-23 21:50:06'),(123,'storage/products_images/iQpZhd07vOFgyFitO3GEyqKCmmKLK0E9RYXWx6ze.png',54,'2024-08-23 22:18:42','2024-08-23 22:18:42'),(125,'storage/products_images/ODbJuuJXLNt5drmQIOIKnnGgifYWnVeQdQNHzZxG.png',56,'2024-08-23 22:41:58','2024-08-23 22:41:58'),(126,'storage/products_images/1mPKUgdxmSfyCjMHpwSf1N67zlxWgsMVO46FHaSg.png',57,'2024-08-23 22:53:33','2024-08-23 22:53:33'),(127,'storage/products_images/U6bkq413qtmbU5qMsbV8TLKR7fpw1MBnshywdFUn.png',58,'2024-08-23 23:01:11','2024-08-23 23:01:11'),(128,'storage/products_images/zxqGo3eqzzOTJa8P2VuMTSHQ8464iEFnkzOvE8rE.png',59,'2024-08-23 23:19:49','2024-08-23 23:19:49'),(129,'storage/products_images/2hHcuz6oMWqnGB34gfsnYk1LLS1UMY5Exfs3YOeJ.png',60,'2024-08-24 00:12:11','2024-08-24 00:12:11'),(130,'storage/products_images/HrPEz33xatcquOLZ9ifZ7Qqb8EXKjtOj2B7ILfa9.png',61,'2024-08-24 00:17:11','2024-08-24 00:17:11'),(131,'storage/products_images/flNXJIWAG6XfKsm53Qv83msIEwBdtuAKgMl9reKj.png',62,'2024-08-24 00:35:19','2024-08-24 00:35:19'),(132,'storage/products_images/E8HaSUpKENCVpbu27x3pcTGSWhZwty6YsnQoKUI7.png',63,'2024-08-24 00:45:10','2024-08-24 00:45:10'),(133,'storage/products_images/OinOnExQjjrBiQ7zCKd43ob3Srgy5fw4UN4ttwSb.png',64,'2024-08-24 00:59:23','2024-08-24 00:59:23'),(134,'storage/products_images/Q3G9PRxWV9QEDjeFNf5asChi4kGkunSmLvHQ6rzI.png',65,'2024-08-24 01:05:50','2024-08-24 01:05:50'),(143,'storage/products_images/GxO09WyAYoglHtMnQTy9C9NcebtPpoPyk1zBUIWk.png',74,'2024-08-24 01:13:13','2024-08-24 01:13:13'),(144,'storage/products_images/OGOoZrV6noaee13LSpdi4wdytNn0H67shml6YrSz.png',75,'2024-08-24 01:24:44','2024-08-24 01:24:44'),(146,'storage/products_images/3tdfIF6gHHbAdRpmeQiXuD3e6e6J4m7IoMguwL5i.png',76,'2024-08-24 01:40:50','2024-08-24 01:40:50'),(147,'storage/products_images/M3fCPGkY28S1ltHiG5oCiQdbeiEe3RdoxH8iFIbX.png',78,'2024-08-24 01:52:00','2024-08-24 01:52:00'),(148,'storage/products_images/Iv1wATp29HwTYddUVi3T8Ammqw1JtHGTX9E6rYVg.png',79,'2024-08-24 02:01:59','2024-08-24 02:01:59'),(149,'storage/products_images/XZth7iawqMFNECo2WFIL4DWJHNFNTXO0O3eo3ZOQ.png',80,'2024-08-24 02:10:55','2024-08-24 02:10:55'),(158,'storage/products_images/oK5h6tAJRR9NpxglUDU0k020etRjCaHlFX2CVE2a.png',89,'2024-08-27 19:47:16','2024-08-27 19:47:16'),(159,'storage/products_images/PlPcqzKx1mNo4EJWNLKR75FHO5hX8zOEO4thjTIA.png',90,'2024-08-27 19:52:56','2024-08-27 19:52:56'),(160,'storage/products_images/mHS44LLi77CtpHrW2yNqFhMLmvsQncByCwUBqJXu.png',91,'2024-08-27 20:03:21','2024-08-27 20:03:21'),(161,'storage/products_images/XOidswxmVOo3sOEATMR8nFyPrfLMDhQJZq2X1xrH.png',92,'2024-08-27 20:11:40','2024-08-27 20:11:40'),(164,'storage/products_images/bUvTvMjMpObjb7YCZrh1mzu4a0d5w2xVVGa6Aae5.png',93,'2024-08-27 20:29:12','2024-08-27 20:29:12'),(166,'storage/products_images/SNKaCeNOBImXD8SiOuFMkjV1ctOyzQgg8gif70DJ.png',96,'2024-08-27 20:50:55','2024-08-27 20:50:55'),(167,'storage/products_images/ZN9z7dvXb2VUnapG66e71EAagDD66dQPzarvqKn6.png',95,'2024-08-27 20:55:06','2024-08-27 20:55:06'),(168,'storage/products_images/DjkY85GqkdLqVt9YaSXykg373Uhewu6sPiFLlRXD.png',97,'2024-08-27 21:03:29','2024-08-27 21:03:29'),(169,'storage/products_images/nY9UMtg3yDOD9sPKgE7LS4vUpS1A6xhfPApLxXYS.png',98,'2024-08-27 21:11:26','2024-08-27 21:11:26'),(170,'storage/products_images/S7wpBoDeicDfAbeukZ4pvLwRG7RCj1WjadaYK9iW.png',99,'2024-08-27 21:21:30','2024-08-27 21:21:30'),(171,'storage/products_images/VSgCbrwn1YfQz3Mgq5CDr9WIQ7d7YoLtgJhKn5NJ.png',100,'2024-08-27 21:38:18','2024-08-27 21:38:18'),(172,'storage/products_images/Gw24Ivd0CETqPU1zcAOVKcGuLl7EegLOSlZuexdV.png',101,'2024-08-27 22:06:07','2024-08-27 22:06:07'),(173,'storage/products_images/2A96wcHkya1jq03JoveNNmux5QAS5RIKI2QBEVOM.png',102,'2024-08-27 22:11:18','2024-08-27 22:11:18'),(174,'storage/products_images/tzvm6hXrqNxWAzkVtmaN6XhokDmVwO34h7iy2Mnk.png',103,'2024-08-27 22:23:31','2024-08-27 22:23:31'),(175,'storage/products_images/XdMvycXG51LPnykQzxjX5PlKsFPvQP5ZS5OvjLsM.png',104,'2024-08-27 22:27:59','2024-08-27 22:27:59'),(176,'storage/products_images/JMdq2HLCspL74x0irqP2829sUpJM4hffkfgkMkqr.png',105,'2024-08-27 22:31:03','2024-08-27 22:31:03'),(177,'storage/products_images/wC5Nm3tYIoKnv1HjEBhL7T1yPqcSjYycorNrgakW.png',106,'2024-08-27 22:37:58','2024-08-27 22:37:58'),(178,'storage/products_images/ZAQT32GFKAsnW53I4hRVv94OwGyoBtEqt1aimWFU.png',107,'2024-08-27 22:49:12','2024-08-27 22:49:12'),(179,'storage/products_images/xxF6vVWKmfW1WYRQDDYuwRrHKkiAMdPLXMFQ2uu0.png',108,'2024-08-27 22:55:18','2024-08-27 22:55:18'),(180,'storage/products_images/s1XZSmOYNl9cWzM2dLDXQymIXWkvH9uSkeKrY3ts.png',109,'2024-08-27 23:01:17','2024-08-27 23:01:17'),(181,'storage/products_images/Et99jxbMAanTB1j8H2us4vSGF4hv8guyqkLdSgqP.png',110,'2024-08-27 23:27:03','2024-08-27 23:27:03'),(182,'storage/products_images/DF7WJqPgghtXh6UFkZ4NLBE4fcKTYQlxtkNSZPl7.png',111,'2024-08-27 23:52:26','2024-08-27 23:52:26'),(183,'storage/products_images/V8RhFbH9mzA8zsme3ldrGZX2aI3GdqgCf0z78ilw.png',112,'2024-08-28 00:02:31','2024-08-28 00:02:31'),(184,'storage/products_images/iS3k75E7FYoVZ0XvEjhh3lKDETNZeYANyHee3Kvj.png',113,'2024-08-28 00:06:29','2024-08-28 00:06:29'),(185,'storage/products_images/LHDO0qq5duqPBRL3J1WHyH45QkLkEPc7WvussMwT.png',114,'2024-08-28 00:09:46','2024-08-28 00:09:46'),(187,'storage/products_images/OAAayz9a6WHc3JMUpPf3D35v9Yhsgg9bL436z6Nl.png',115,'2024-08-28 00:23:34','2024-08-28 00:23:34'),(188,'storage/products_images/VB1aQ7nRszB8aXJVQOdw57nrziZpgDUd0nHaHZYA.png',116,'2024-08-28 00:32:21','2024-08-28 00:32:21'),(189,'storage/products_images/YVcXOM1hy2LFLDy0d2NRE3jiCjhEzrPMU9V83i2k.png',117,'2024-08-28 22:00:23','2024-08-28 22:00:23'),(190,'storage/products_images/9TVxhJAXwXOd4Tex4eGvFLmQLiQNgC1FOU2DJQvh.png',118,'2024-08-28 22:14:46','2024-08-28 22:14:46'),(191,'storage/products_images/x3gWLK8XQqhIWm6iad3TrFqA3jlUMr8qOhcpz99a.png',119,'2024-08-28 22:38:16','2024-08-28 22:38:16'),(192,'storage/products_images/1i8mtLGNnc4AsMxuq0aCz3Q6D5RZqo3Lj20XbxqJ.png',120,'2024-08-28 22:46:36','2024-08-28 22:46:36'),(194,'storage/products_images/VvDSJ7lGPwQCoGi6OlK5vl05Ja3Ya57p7O6BEuMJ.png',122,'2024-08-28 23:08:52','2024-08-28 23:08:52'),(195,'storage/products_images/88ZXfTaVqkDiyZofXbE7UuvaBzr3o1WiUEhen0S3.png',123,'2024-08-28 23:10:39','2024-08-28 23:10:39'),(196,'storage/products_images/xoZqpQ35gMNrT0bUTg3dReDYV3tNkqZKnSwGCqsg.png',124,'2024-08-28 23:17:55','2024-08-28 23:17:55'),(197,'storage/products_images/jkvaCi30KKYAPM7GBRNp8oRezXmFPQRdNuS9chpZ.png',125,'2024-08-28 23:24:34','2024-08-28 23:24:34'),(203,'storage/products_images/Vq3MalVBLTXiOGX6AHZ66hyTZPsKLPz5ixqHAWgX.png',131,'2024-09-02 21:44:31','2024-09-02 21:44:31'),(204,'storage/products_images/kuQwHSANgaIfZQyjoJ6DfuaQu9SZPamdkuOzFbTy.png',132,'2024-09-02 22:17:43','2024-09-02 22:17:43'),(205,'storage/products_images/iCxnyx7xGtf7FaFoedBi5Lz4biLo16zoKAjYLfY8.png',133,'2024-09-02 22:28:24','2024-09-02 22:28:24'),(206,'storage/products_images/QpJOemA5MU5OhrNbQbIkXapCP0yNVVHOH2nqKC7T.png',134,'2024-09-02 22:37:29','2024-09-02 22:37:29'),(207,'storage/products_images/EF6Bxd2fjUIlUEK6KGP8swTug70dcOFFmlYJIqTy.png',135,'2024-09-02 22:51:46','2024-09-02 22:51:46'),(208,'storage/products_images/1b4dNS6O7FafQkXZOut7GtRzMXovtahMI1ZMYPMW.png',136,'2024-09-02 22:59:56','2024-09-02 22:59:56'),(209,'storage/products_images/QMFUz5dxbe6JJgSK0svwf4aeLtSBo9I9Y3zwfOAr.png',137,'2024-09-02 23:09:54','2024-09-02 23:09:54'),(210,'storage/products_images/FXE8bQQyiYUbhHbod5Tr7KqjELurWYSDWuM4WYjw.png',138,'2024-09-02 23:33:44','2024-09-02 23:33:44'),(211,'storage/products_images/lUOW6sVEuCsoLrQgpElFJ1fLV1Q0bEgM2fdmnYI4.png',139,'2024-09-03 20:54:33','2024-09-03 20:54:33'),(212,'storage/products_images/VxXLQoZXtOTq1ras7jXQZmN14u3PuTI0KD2ZYTM7.png',140,'2024-09-03 21:02:59','2024-09-03 21:02:59'),(213,'storage/products_images/bJNIxPWEVN4DSiqZHB9mQwVe0tqLiWdRlf0QaNrQ.png',141,'2024-09-03 21:24:04','2024-09-03 21:24:04'),(227,'storage/products_images/KULP4IDn8I7SYS05WkIw0z5sxz3ttaECMqgeBEY2.png',155,'2024-09-07 23:47:42','2024-09-07 23:47:42'),(228,'storage/products_images/wwoHdjrolHtZnf6DakrMx2ikPNT8ednrNBVEuMu5.png',156,'2024-09-07 23:53:38','2024-09-07 23:53:38'),(229,'storage/products_images/DknfNgjjG7jzUlsA4GdRljz80pV0C42f4pd4y7lm.png',157,'2024-09-07 23:58:38','2024-09-07 23:58:38'),(230,'storage/products_images/waV5rEDb58tsDwXwaKFvaa18ATmnyx1XlRKEgsLJ.png',158,'2024-09-08 00:06:02','2024-09-08 00:06:02'),(231,'storage/products_images/60MhdIt60whTE0Ed40wVYCuSpAQBLdOku2R5zU90.png',159,'2024-09-08 00:13:10','2024-09-08 00:13:10'),(232,'storage/products_images/wAk1A7WJWcDPy5P2GRdM1TjfHIvru1wOlRWyaOhO.png',55,'2024-09-10 22:44:03','2024-09-10 22:44:03'),(235,'storage/products_images/bBTalls4tkgshtNrOguP7ocboNilH6SoouvzMNeD.png',161,'2024-09-10 23:33:29','2024-09-10 23:33:29'),(236,'storage/products_images/WcDphVynUgki52p1rT8wwaQXeNURGRsDyiWQeP95.png',162,'2024-09-10 23:44:46','2024-09-10 23:44:46'),(238,'storage/products_images/TV769QXdjJ6Bjelifcgo1DXX6vsN3zxfHG9ltBbV.png',164,'2024-09-11 01:02:55','2024-09-11 01:02:55'),(239,'storage/products_images/H8sWG2UY7uxLqzcGlk2qDyQ1sM13366w3AYn6X4u.png',165,'2024-09-11 01:07:19','2024-09-11 01:07:19'),(244,'storage/products_images/evEHWqYOcaC0HYar8TpjnINBRYJ6esGRSO3F1MMI.png',169,'2024-09-11 18:15:11','2024-09-11 18:15:11'),(245,'storage/products_images/vMWOmK544xo9FhIySL07YwooxNSMW3CG8mmjfUj9.png',160,'2024-09-11 18:18:58','2024-09-11 18:18:58'),(246,'storage/products_images/kNmuuUYmR30JyGZ6CIVDvkBwY0VMwaYAjb8f6PiR.png',167,'2024-09-11 18:20:25','2024-09-11 18:20:25'),(247,'storage/products_images/c89tx6hHMp2u1FABTqbiFD13xjPAq6PIx4PkxEKW.png',168,'2024-09-11 18:21:35','2024-09-11 18:21:35'),(248,'storage/products_images/ukkCdOUQnpqAholXyv648lFk4OVP49pt2kfyvedw.png',5,'2024-09-12 20:16:04','2024-09-12 20:16:04'),(249,'storage/products_images/WjbNLPv5mADEDU4P7BUDKtlk1dAkuG9U1Dgi7qr3.png',36,'2024-09-12 20:32:26','2024-09-12 20:32:26'),(250,'storage/products_images/aujBL71hUWORnhToHIh5W95ygPA8LuVVhl8QUnvH.png',142,'2024-09-12 20:43:20','2024-09-12 20:43:20'),(251,'storage/products_images/NbtYiVbcC6Q9yojgAm8yBDEzjDEcnaoJ9ao0SwXu.png',163,'2024-09-12 20:57:46','2024-09-12 20:57:46'),(252,'storage/products_images/RDXWva7drhCHOHSQNSRc6ha86bKosFkuNPtBCr7h.png',170,'2024-09-14 20:26:18','2024-09-14 20:26:18'),(253,'storage/products_images/Dtgz9PZWbasC0HHK9t25eA4yAWfjTLR2jF86KVAa.png',171,'2024-09-14 20:37:06','2024-09-14 20:37:06'),(254,'storage/products_images/lB6VCZETLZdrSN4Pj7ADULz8ssOvAaiYNwIYqnN9.png',172,'2024-09-14 20:47:43','2024-09-14 20:47:43'),(255,'storage/products_images/2D3tMBHBql2fQaldxrFbkXLSbPKTDEJiAvOmUMFU.png',173,'2024-09-14 20:52:48','2024-09-14 20:52:48'),(256,'storage/products_images/zOZsfIASy4mD9JBeYpOGy6wAkZG8jSYIklNxL1Zz.png',174,'2024-09-14 21:01:57','2024-09-14 21:01:57'),(257,'storage/products_images/TV26SEmH7L9QxBCQJsOg3aBROLzdGQiUjt434GGL.png',175,'2024-09-14 21:11:24','2024-09-14 21:11:24'),(258,'storage/products_images/x7Dhi92lx0nYdTgM6cpgI0dHIbVI47CcOoQXqOpG.png',176,'2024-09-14 21:16:35','2024-09-14 21:16:35'),(259,'storage/products_images/BZNUW6Z92qzODDPACpiBAgRDmfX1huRSL5PRNDNV.png',177,'2024-09-14 21:23:35','2024-09-14 21:23:35'),(260,'storage/products_images/OZuzNDsFVGg80w1wfedXrzuiNsbpdzOn4yxTJ9Mn.png',178,'2024-09-14 21:36:18','2024-09-14 21:36:18'),(261,'storage/products_images/At3T29NKNbEHPPIuOFsbKNwoTEH53YutiGrEbj10.png',179,'2024-09-14 22:08:03','2024-09-14 22:08:03'),(262,'storage/products_images/8JOiHHadcTh9gqWAz0i8RfKqqA90dN0AwVL2QjTr.png',180,'2024-09-14 22:15:50','2024-09-14 22:15:50'),(263,'storage/products_images/J0kZQgIuqzw1doUtbodOWc2d7wV6ffAZ2Ip4lqJB.png',181,'2024-09-14 22:22:57','2024-09-14 22:22:57'),(264,'storage/products_images/q3Ti6jEwSs0bCXUFT7MzdU90zd0PW0NceMrpIqvM.png',182,'2024-09-14 22:41:56','2024-09-14 22:41:56'),(265,'storage/products_images/H8kkX1EWSkVBNYlU7bUstHjgDQdHSqb8jVcdZImP.png',183,'2024-09-15 00:26:51','2024-09-15 00:26:51'),(267,'storage/products_images/FCCnSQdmmQ1JZs84omnhwXUABXaZ9tDBEvyAjALN.png',185,'2024-09-19 19:15:07','2024-09-19 19:15:07'),(268,'storage/products_images/hVTtgg76IbgYoXeM1Uzk5I68RaVpx9DSzfs9YQgd.png',186,'2024-09-19 19:19:36','2024-09-19 19:19:36'),(269,'storage/products_images/riAUemHUnXnusaO7j0RO2P3xUsLfgPHjmqT5HiDF.png',187,'2024-09-19 19:22:04','2024-09-19 19:22:04'),(270,'storage/products_images/EDOx9rFfJD0N7xNxeRiyrMd5KafFOP338Hy9bILU.png',188,'2024-09-19 19:23:17','2024-09-19 19:23:17'),(271,'storage/products_images/VBGqlyMEdvZwAHUrOqOtjiRNFgJwsLzfdBlw77fc.png',189,'2024-09-19 19:24:30','2024-09-19 19:24:30'),(272,'storage/products_images/yXmuECxDKhki88BrHV378E8UULmd2HBBWagGKeVm.png',190,'2024-09-19 19:28:30','2024-09-19 19:28:30'),(273,'storage/products_images/izhhA5YFXg6M5dba0toTaixQqzZUiLbE4daGavV4.png',191,'2024-09-19 19:30:26','2024-09-19 19:30:26'),(274,'storage/products_images/xyfgh5HYzxqRNSI5uyQAmxGnSvWYvm9Wv0DJrbwo.png',192,'2024-09-19 19:32:05','2024-09-19 19:32:05'),(275,'storage/products_images/RNNh9EQCRCk6v9gNFyleqWhUX0AXivWyFAtBD2Q4.png',193,'2025-02-13 18:12:19','2025-02-13 18:12:19'),(276,'storage/products_images/9iKknWleNS4d2tl471KHlWUHRP5ZVI7uvagRVvxC.png',194,'2025-02-13 18:50:41','2025-02-13 18:50:41'),(277,'storage/products_images/pHHhkL6MYZq1m1raTMp9mrst9NWOcYwxVbpHFtRT.png',195,'2025-02-13 18:55:34','2025-02-13 18:55:34'),(278,'storage/products_images/ChIDXnLgDhejX71S7Lc96GVYWlEsNECVmeQMrpRo.png',196,'2025-02-13 19:13:56','2025-02-13 19:13:56'),(279,'storage/products_images/LWODqmn4UJ5OjUlHcPB9SXeefMhXO5xARDMivHXF.png',197,'2025-02-13 19:22:30','2025-02-13 19:22:30'),(280,'storage/products_images/ZveaMHmgQMPaVDJYVCE4ctV9a36E4yYgfyoBkGdq.png',198,'2025-02-13 19:25:44','2025-02-13 19:25:44'),(281,'storage/products_images/rB8MMxVOd75YSg5GH4ZIxh7NgmDt8qIMil0S0Hyk.png',199,'2025-02-13 19:32:28','2025-02-13 19:32:28'),(282,'storage/products_images/jFTor3E8ssvAt8MY4vL9xFggEDnBg7D8K5aCiSW8.png',200,'2025-02-13 19:38:10','2025-02-13 19:38:10'),(283,'storage/products_images/utrNZCdfTFSi0siNbY828VynqlSxDiBfCuzgEdXx.png',201,'2025-02-13 19:47:23','2025-02-13 19:47:23'),(284,'storage/products_images/b9wGezjim6q9SOuTLzA8hcgAuPAdB6OSrmv7i32d.png',202,'2025-02-13 19:57:26','2025-02-13 19:57:26'),(285,'storage/products_images/MpjDxO3OUlmSQKADiDdjlzcruOIC1RfpbqWZ9hgn.png',203,'2025-02-13 20:02:01','2025-02-13 20:02:01'),(286,'storage/products_images/5NQnNTbVYvIGEVdo8eoIESnjOyywhBYSvsHZcPkt.png',204,'2025-02-13 20:10:03','2025-02-13 20:10:03'),(287,'storage/products_images/zCprfcip6RRpBHW6qFRg72g3ewvxA1oVJGI8bMMp.png',205,'2025-02-13 20:13:37','2025-02-13 20:13:37'),(288,'storage/products_images/ETknQO7SC07Pi7W6N0pxbd4Y4NbHarfSSwXJtscT.png',206,'2025-02-13 20:16:59','2025-02-13 20:16:59'),(290,'storage/products_images/4Tn8GjOJ6jnIFckHoOOACdA8w6szk7a1wiXKTtTf.png',208,'2025-02-13 20:22:09','2025-02-13 20:22:09'),(291,'storage/products_images/YDwGbnk4zU7tocVQYcGb2Vn5nGv2Kq7SXibZioqR.png',209,'2025-02-13 20:32:54','2025-02-13 20:32:54'),(292,'storage/products_images/Z7HEwfNFqvVnTDuFg49sF3XPotGDPRXMNQed2CGo.png',210,'2025-02-13 20:35:08','2025-02-13 20:35:08'),(293,'storage/products_images/PpCF41xrs19Y2EPXRlW7gmRTLHw3vDOgMReHW5G8.png',211,'2025-02-13 20:39:13','2025-02-13 20:39:13'),(294,'storage/products_images/GdMlQZzbWU0HLj6heT4aHtq3bG9Npfn0TPBhExq0.png',212,'2025-02-13 20:41:28','2025-02-13 20:41:28'),(295,'storage/products_images/BzyD9M8rNFXlzhBCu5jzh48YexmQkrE8a5kqTlMf.png',213,'2025-02-13 20:45:13','2025-02-13 20:45:13'),(296,'storage/products_images/hyOoLbwVZPPoJLiVF401NBuxAmVKwXUHf0XHJTGX.png',214,'2025-02-13 20:48:35','2025-02-13 20:48:35'),(297,'storage/products_images/rXEj9M2A2yJvH8jqAHwjYCXtxLVU0qz6qRCQ5tVt.png',215,'2025-02-13 20:51:12','2025-02-13 20:51:12'),(298,'storage/products_images/zWvW13cWDjZ6R1FyzWQiivIWlz45UDVakt8xYZMI.png',216,'2025-02-13 21:01:14','2025-02-13 21:01:14'),(299,'storage/products_images/dVFakDRdYGNlr25vktslNZITL6Eb5WSUOA3ZnZSO.png',217,'2025-02-13 21:05:16','2025-02-13 21:05:16'),(302,'storage/products_images/ZgoNRb3LqL5vMdppqUB77mQLtj8Ng3XLaNnInigb.png',220,'2025-02-15 18:27:18','2025-02-15 18:27:18'),(303,'storage/products_images/Div3XP2HAMT35Q0CrL6K375PewV7zHpOTXT2bQQl.png',221,'2025-02-22 18:05:27','2025-02-22 18:05:27'),(304,'storage/products_images/tYeu5qswEvN9iY2hTfR8gTeyjgmz0xvG8y63yc8d.png',222,'2025-02-22 18:10:30','2025-02-22 18:10:30'),(305,'storage/products_images/8Qdtxc9uoZBizxzNkLVlI9qn1l6ZCkdNFleNZYxl.png',223,'2025-02-22 18:15:25','2025-02-22 18:15:25'),(306,'storage/products_images/IrTMZ4H5rU173Qf5DPez2FrVmOTtfpO6HSlctAx0.png',224,'2025-02-22 18:19:14','2025-02-22 18:19:14'),(307,'storage/products_images/AdJxAPXpzhOFLubzNyNO4LTaBtiB4UhTybk0bkio.png',225,'2025-03-04 19:33:56','2025-03-04 19:33:56'),(308,'storage/products_images/wjohlZFtpAPtz32dUa6sSbF5i0hR775bou6VWDxu.png',226,'2025-03-04 19:40:24','2025-03-04 19:40:24'),(310,'storage/products_images/rnWtzKechEqENfqlOLZaVynReziEXbZ1RQObafFI.png',228,'2025-03-04 19:47:20','2025-03-04 19:47:20'),(311,'storage/products_images/l4kITfV26M4CcJfdA6foSl6PhZHo1cmyPw2TYvHX.png',26,'2025-03-13 20:40:28','2025-03-13 20:40:28'),(312,'storage/products_images/PwOrrh159B6UxFKTqat0rSrB1e12lRyIctE32Cjn.png',86,'2025-03-13 20:42:52','2025-03-13 20:42:52'),(313,'storage/products_images/vvn3jeT14bnfl4OY4XQ2VRAGM9Gbx5fVXdlUDaXp.png',184,'2025-03-13 20:45:19','2025-03-13 20:45:19'),(314,'storage/products_images/Q0BEHqNL9fPE9VWXP6vOJsmBl9JgBMafeEVetDTG.png',7,'2025-03-13 20:47:44','2025-03-13 20:47:44'),(315,'storage/products_images/glxoiZDE7KDFK3aPvGgcPgZIA74s8xo56lw15aP0.png',229,'2025-03-25 15:06:10','2025-03-25 15:06:10'),(316,'storage/products_images/n0vOlJD8GBdlJhXatox7FQDVtjyLalLeyCmUOP7u.png',230,'2025-04-02 17:44:41','2025-04-02 17:44:41'),(317,'storage/products_images/aRwvD8Otq6I16Siia8Iv8sxMVZ5JJGKSlNyOyWAT.png',231,'2025-04-02 17:50:56','2025-04-02 17:50:56'),(318,'storage/products_images/aW6BGbO1GQ0pC1rQZcbCKfKi3hp6k6AeTAtH2TXl.png',232,'2025-04-02 18:00:49','2025-04-02 18:00:49'),(319,'storage/products_images/GKQpk3bgrrGM8AcYqC3uw27LGKZbnBVPrfWXAj7a.png',233,'2025-04-11 19:08:49','2025-04-11 19:08:49'),(320,'storage/products_images/pxFIQdGaffRa8E8Zeq7nscx1wpgNcNQuA6d9bJ4l.png',234,'2025-04-11 19:12:53','2025-04-11 19:12:53'),(321,'storage/products_images/nGLkqHkuN1qLg9rtlennweN2E3bOEo0E0CkAndfH.png',235,'2025-04-11 19:17:15','2025-04-11 19:17:15'),(322,'storage/products_images/N8HlIO8Aca0azrYiBhTkKxoObfr6o1kDWJ5FtM1v.png',236,'2025-04-11 19:21:38','2025-04-11 19:21:38'),(326,'storage/products_images/T38e4PpzQmhMSarHDQ8JbKyMvq9SdtkSXV9xicFw.png',240,'2025-04-14 17:25:32','2025-04-14 17:25:32'),(327,'storage/products_images/jeMEHvEXBxQqKJlZD4NMZBSgNUOtEli3kvGLiUTn.png',241,'2025-04-14 17:53:21','2025-04-14 17:53:21'),(328,'storage/products_images/uY2yWCPRD9uH8gRVefp8B8JSoYUMzZxgwE9CEBBB.png',242,'2025-04-14 17:56:41','2025-04-14 17:56:41'),(329,'storage/products_images/NF36RDRP792i4slyWbWehoxop9TuxjCa972VBtQe.png',243,'2025-04-14 18:19:50','2025-04-14 18:19:50'),(330,'storage/products_images/WsRCgrGkK6rntuLKtz0ylv9te8ZAdlYZlgq2D2Og.png',244,'2025-04-14 18:23:26','2025-04-14 18:23:26'),(331,'storage/products_images/5O5QqGTAuvzTfgED1sPfhDwi8yy5CVE3EUMz8ljp.png',245,'2025-04-15 16:59:03','2025-04-15 16:59:03'),(332,'storage/products_images/Tq70t3gPhb0afWLeb1b7mPCqLRNJck3zBE0u1E3a.png',246,'2025-04-19 15:56:54','2025-04-19 15:56:54'),(333,'storage/products_images/i6D9VdtlcRvbkLukFP7gZWwMKhN8DEW08H42bQT3.png',247,'2025-04-19 16:33:44','2025-04-19 16:33:44'),(334,'storage/products_images/eoADdq0e9os2h5wkWYYNV4AfRUSsgMZ2J7P7RyBW.png',248,'2025-05-07 19:21:07','2025-05-07 19:21:07'),(341,'storage/products_images/KRkhgJ4Q4m1uIf5Rji33oElnWljNwMx3Tjm5V31d.png',255,'2025-05-07 20:07:07','2025-05-07 20:07:07'),(342,'storage/products_images/OYx6OcVMtJLUSJN2g3BjY72bPuNC6mE3BdfEVu28.png',256,'2025-05-07 20:09:24','2025-05-07 20:09:24'),(343,'storage/products_images/l9NVilZbT3qSHZ6my6EidkBx9jAwFSDL5ggj1p3d.png',238,'2025-05-07 20:13:53','2025-05-07 20:13:53'),(346,'storage/products_images/wFWuIc9SCe5utUbfDo8ojCuTTgHTva9moA5eYl8p.png',257,'2025-05-22 15:05:51','2025-05-22 15:05:51'),(347,'storage/products_images/DvavmmQ92KKTCwa8iPCySNJmltIaekFMU2xnwhJB.png',258,'2025-05-22 15:12:41','2025-05-22 15:12:41'),(348,'storage/products_images/MuJOUMHuVAClyqenGTVVhEVLuDgyu5DocibRLyQ4.png',259,'2025-05-22 15:16:03','2025-05-22 15:16:03'),(349,'storage/products_images/Ee0ipCO51QzFGWa3WaAImJWlYpwRA1XOltph34S7.png',260,'2025-05-22 15:36:10','2025-05-22 15:36:10'),(350,'storage/products_images/VJQIfcvAcT23p08CsR2fpAzZ8DInCLZWt3EhUmCa.png',227,'2025-05-22 15:47:15','2025-05-22 15:47:15'),(351,'storage/products_images/XIXQo7SVUcJ9cYgwOw9cEdJzI7YQORXFMLDLWIrB.png',237,'2025-05-22 15:49:40','2025-05-22 15:49:40'),(352,'storage/products_images/dHoxexnphJJyr5Em42ZRlKs0spukVmb43cE7a7vV.png',239,'2025-05-22 15:53:03','2025-05-22 15:53:03'),(353,'storage/products_images/2sh4EqZvlqkewvcMjhDxqjMvr7mkPnCCBvZC5kFe.png',249,'2025-05-22 15:56:19','2025-05-22 15:56:19'),(354,'storage/products_images/Kiy4q6jBhlaYOZtrCGXb7vgQaQCie2ud5tb5sD9F.png',250,'2025-05-22 16:27:30','2025-05-22 16:27:30'),(357,'storage/products_images/GSojybfTNZv3Jc7jRu4NU6tLhKojxntovxsYVzc4.png',261,'2025-05-22 16:36:45','2025-05-22 16:36:45'),(358,'storage/products_images/blDCzBAMa3Tn2w4XbK0kFbbr8hj4QaiykBvHJzSf.png',252,'2025-05-22 16:41:44','2025-05-22 16:41:44'),(359,'storage/products_images/XAd4zaYCwYIrmq8mmBAjLsbFknuBAjflYLbvAcs8.png',253,'2025-05-22 16:44:50','2025-05-22 16:44:50'),(360,'storage/products_images/X5w0pmFJsdjqOZLD29I9kvqkcRxfK04KXVnUppp8.png',254,'2025-05-22 16:46:48','2025-05-22 16:46:48'),(361,'storage/products_images/FAHDTpc8cC3TwLjERiTsRK9fr9DwXyM1CbOddkeY.png',35,'2025-05-26 20:39:44','2025-05-26 20:39:44'),(362,'storage/products_images/dq5py2SS5TQSVCedApFOCbE4W4YEEIvYsFrnWUbs.png',35,'2025-05-26 20:39:49','2025-05-26 20:39:49'),(363,'storage/products_images/ONQ1abudPB5qilSLEQfGqQFgWIxoCVASa1IdWmzR.png',262,'2025-05-26 20:50:10','2025-05-26 20:50:10'),(364,'storage/products_images/v5ZczRnuF929ILfOjN6kENKwdMu41UZyl6UmPzHe.png',263,'2025-05-26 20:55:08','2025-05-26 20:55:08'),(365,'storage/products_images/f034ArfMAUFQL3lx3MQJD6J6YSXBcRkIG83j6FHP.png',264,'2025-05-26 21:00:03','2025-05-26 21:00:03'),(366,'storage/products_images/gdMjZszgX33HKRhzDez83nDikjzSdKPyC6V6sWBT.png',51,'2025-05-27 14:46:30','2025-05-27 14:46:30'),(367,'storage/products_images/n1h5fgfe1t3XQjTn4Bs844ZFsxWk4gbsQOAWCBHV.png',265,'2025-05-27 14:55:27','2025-05-27 14:55:27'),(368,'storage/products_images/EoGuOXhsschISGf8Eta3L5vRCsweKttB4lNSLb8v.png',266,'2025-05-27 15:02:34','2025-05-27 15:02:34'),(369,'storage/products_images/3ZcWC8IXGTnimdXiXfxgDTOtvd9PkBDlH3Bn2nJG.png',267,'2025-05-27 15:11:30','2025-05-27 15:11:30');
/*!40000 ALTER TABLE `product_images` ENABLE KEYS */;
UNLOCK TABLES;

--
-- Table structure for table `product_options`
--

DROP TABLE IF EXISTS `product_options`;
/*!40101 SET @saved_cs_client     = @@character_set_client */;
/*!40101 SET character_set_client = utf8mb4 */;
CREATE TABLE `product_options` (
  `id` bigint(20) unsigned NOT NULL AUTO_INCREMENT,
  `product_id` bigint(20) unsigned NOT NULL,
  `option_id` bigint(20) unsigned NOT NULL,
  `option_value` varchar(191) NOT NULL,
  `stock` tinyint(1) NOT NULL DEFAULT 1,
  `created_at` timestamp NULL DEFAULT NULL,
  `updated_at` timestamp NULL DEFAULT NULL,
  PRIMARY KEY (`id`),
  KEY `product_options_product_id_foreign` (`product_id`),
  KEY `product_options_option_id_foreign` (`option_id`),
  CONSTRAINT `product_options_option_id_foreign` FOREIGN KEY (`option_id`) REFERENCES `options` (`id`) ON DELETE CASCADE,
  CONSTRAINT `product_options_product_id_foreign` FOREIGN KEY (`product_id`) REFERENCES `products` (`id`) ON DELETE CASCADE
) ENGINE=InnoDB AUTO_INCREMENT=225 DEFAULT CHARSET=utf8mb4 COLLATE=utf8mb4_unicode_ci;
/*!40101 SET character_set_client = @saved_cs_client */;

--
-- Dumping data for table `product_options`
--

LOCK TABLES `product_options` WRITE;
/*!40000 ALTER TABLE `product_options` DISABLE KEYS */;
INSERT INTO `product_options` VALUES (1,2,1,'Chocolate',1,'2024-08-21 18:13:34','2024-08-21 18:13:34'),(2,2,1,'Mocha Cappuccino',1,'2024-08-21 18:13:52','2025-05-26 20:13:50'),(4,3,1,'Chocolate',1,'2024-08-21 18:29:51','2024-08-21 18:29:51'),(5,3,1,'Cookies & Cream',0,'2024-08-21 18:30:23','2025-03-21 20:32:04'),(6,3,1,'Strawberry',0,'2024-08-21 18:30:31','2025-03-21 20:32:10'),(7,5,1,'Cookies & Cream',1,'2024-08-21 18:44:49','2024-08-21 18:44:49'),(8,6,1,'Strawberry',1,'2024-08-21 18:58:26','2024-08-21 18:58:26'),(9,6,1,'Chocolate',1,'2024-08-21 19:00:23','2024-08-21 19:00:23'),(10,7,1,'Milk & Cookies',1,'2024-08-21 19:21:42','2025-04-04 14:39:43'),(11,7,1,'Chocolate Cookie',1,'2024-08-21 19:22:05','2025-05-03 16:22:16'),(12,7,1,'Peanut Butter Ice Cream Bar',0,'2024-08-21 19:22:44','2025-04-04 14:40:04'),(14,9,1,'Chocolate',1,'2024-08-21 19:38:59','2024-08-21 19:38:59'),(15,12,1,'Chocolate',1,'2024-08-21 20:04:49','2024-08-21 20:04:49'),(16,15,1,'Chocolate',1,'2024-08-21 20:25:59','2024-08-21 20:25:59'),(17,15,1,'Cookies & Cream',1,'2024-08-21 20:26:06','2024-08-21 20:26:06'),(18,16,1,'Chocolate Brownie',1,'2024-08-22 17:17:54','2024-08-22 17:21:04'),(19,16,1,'Vanilla Cookie',1,'2024-08-22 17:18:10','2024-08-22 17:21:34'),(20,16,1,'Cookies & Cream',0,'2024-08-22 17:18:28','2025-03-21 20:33:25'),(21,25,1,'Chocolate',1,'2024-08-22 17:18:45','2024-08-22 17:18:45'),(22,27,1,'Gourmet Chocolate',1,'2024-08-22 17:47:40','2024-08-22 17:50:30'),(23,27,1,'Fruity Pebbles',0,'2024-08-22 17:48:56','2025-03-24 16:31:01'),(24,28,1,'Chocolate',1,'2024-08-22 18:03:50','2025-04-11 18:56:30'),(25,28,1,'Chocolate Peanut Butter',1,'2024-08-22 18:04:48','2025-04-11 18:56:52'),(26,29,1,'Chocolate mint',1,'2024-08-22 20:35:39','2024-08-22 20:35:39'),(27,29,1,'Chocolate peanut butter',0,'2024-08-22 20:36:16','2024-08-22 20:36:16'),(28,29,1,'birthday cake',0,'2024-08-22 20:36:36','2024-08-22 20:36:36'),(34,7,1,'Strawberry CAKE',0,'2024-08-23 00:52:45','2025-02-15 18:08:04'),(35,7,1,'VANILLA CARAMEL',1,'2024-08-23 00:53:02','2025-04-04 14:40:14'),(36,36,1,'Chocolate',1,'2024-08-23 00:54:21','2024-08-23 00:54:21'),(37,36,1,'Strawberry',1,'2024-08-23 00:54:39','2024-08-23 00:54:39'),(38,37,1,'Chocolate',1,'2024-08-23 00:55:04','2025-04-28 16:43:57'),(39,39,1,'Triple chocolate  brownie',1,'2024-08-23 00:56:35','2024-08-23 00:56:35'),(40,2,1,'Strawberry',0,'2024-09-10 21:57:32','2025-03-21 20:34:15'),(41,2,1,'Banana',0,'2024-09-10 21:58:23','2025-03-21 20:34:23'),(42,2,1,'Vanilla Ice Cream',1,'2024-09-10 21:59:21','2024-09-10 21:59:21'),(43,27,1,'Strawberry',1,'2024-09-10 22:04:32','2025-02-28 16:08:53'),(44,27,1,'Cookies & Cream',1,'2024-09-10 22:04:43','2025-02-28 16:09:03'),(45,27,1,'Gourmet Vanilla',1,'2024-09-10 22:05:32','2025-02-28 16:09:21'),(46,37,1,'Cookies & Cream',0,'2024-09-10 22:06:59','2024-09-10 22:06:59'),(47,37,1,'Strawberry',1,'2024-09-10 22:07:06','2025-05-26 20:32:30'),(48,37,1,'Vanilla',0,'2024-09-10 22:07:23','2025-05-05 15:21:05'),(49,37,1,'Banana',1,'2024-09-10 22:07:32','2025-05-26 20:32:23'),(50,45,1,'Rainbow Candy',1,'2024-09-10 22:09:00','2024-09-10 22:09:00'),(51,45,1,'Vice City',1,'2024-09-10 22:09:37','2025-05-21 19:59:35'),(52,45,1,'Cali Splash',1,'2024-09-10 22:09:56','2025-05-12 16:34:33'),(53,45,1,'Tigers Blood',1,'2024-09-10 22:10:15','2025-05-21 19:59:48'),(54,45,1,'Apple',0,'2024-09-10 22:10:28','2025-04-07 16:45:48'),(55,45,1,'Blue Berry',0,'2024-09-10 22:10:49','2024-09-10 22:10:49'),(56,45,1,'Strawberry Kiwi',1,'2024-09-10 22:11:24','2025-05-21 20:00:00'),(57,45,1,'Blackberry Lemon',0,'2024-09-10 22:11:52','2024-09-10 22:11:52'),(58,47,1,'Ice Blue raz',1,'2024-09-10 22:12:59','2024-09-10 22:18:25'),(59,50,1,'Refreshers',1,'2024-09-10 22:13:52','2024-09-10 22:13:52'),(61,51,1,'Pink Lemonade',1,'2024-09-10 22:14:33','2024-09-10 22:14:33'),(62,51,1,'Fruit Punch',1,'2024-09-10 22:14:43','2025-05-21 19:58:32'),(63,51,1,'Green Apple',0,'2024-09-10 22:14:54','2025-05-21 19:58:42'),(65,51,1,'Watermelon',1,'2024-09-10 22:15:25','2025-05-27 14:47:24'),(66,51,1,'Ice Blue razz',0,'2024-09-10 22:16:03','2025-05-21 19:58:55'),(67,52,1,'Cola',1,'2024-09-10 22:19:43','2024-09-10 22:19:43'),(68,52,1,'Blueberry',1,'2024-09-10 22:19:50','2024-09-10 22:19:50'),(69,53,1,'Fruit Punchfury',1,'2024-09-10 22:21:20','2024-09-10 22:21:20'),(70,54,1,'Miami Vice Coconut Colada',1,'2024-09-10 22:22:21','2024-09-10 22:22:21'),(71,55,1,'Grape',1,'2024-09-10 22:23:11','2024-09-10 22:23:11'),(72,55,1,'Fruit Punch',1,'2024-09-10 22:23:38','2024-09-10 22:23:38'),(74,57,1,'Blue rasseberry ice',1,'2024-09-10 22:25:04','2025-05-21 20:03:06'),(77,57,1,'Watermelon Explosion',0,'2024-09-10 22:25:48','2025-05-21 20:03:20'),(78,57,1,'Mango Madness',0,'2024-09-10 22:25:59','2025-03-13 15:14:30'),(79,58,1,'Bubble gum',0,'2024-09-10 22:26:49','2025-02-15 18:17:07'),(80,58,1,'Lemon',1,'2024-09-10 22:26:57','2024-09-10 22:26:57'),(81,74,1,'Fruit punch',1,'2024-09-10 22:28:39','2024-09-10 22:28:39'),(82,75,1,'Fruit Punch',1,'2024-09-10 22:29:14','2024-09-10 22:29:14'),(83,78,1,'Chocolate',1,'2024-09-10 22:29:31','2025-05-07 15:47:56'),(84,78,1,'Fruit',1,'2024-09-10 22:29:44','2025-04-07 16:44:32'),(85,110,1,'Pine apple',1,'2024-09-10 22:32:13','2024-09-10 22:32:13'),(86,110,1,'Strawberry',0,'2024-09-10 22:32:24','2024-09-10 22:32:24'),(87,131,1,'Turbo Chocolate',1,'2024-09-10 22:34:11','2024-09-10 22:34:11'),(88,132,1,'Chocolate',1,'2024-09-10 22:34:24','2024-09-10 22:34:24'),(89,133,1,'Strawberry Watermelon',0,'2024-09-10 22:35:00','2025-05-06 17:03:54'),(90,133,1,'Pasion Fruit Guava',1,'2024-09-10 22:35:27','2024-09-10 22:35:27'),(91,133,1,'Berry Blast',0,'2024-09-10 22:35:51','2025-05-06 17:04:04'),(92,134,1,'Snow cone',1,'2024-09-10 22:36:49','2024-09-10 22:36:49'),(93,134,1,'Watermelon Freeze',0,'2024-09-10 22:37:15','2025-05-05 15:20:43'),(94,134,1,'Rainbow Ice',0,'2024-09-10 22:37:27','2025-05-05 15:20:24'),(95,134,1,'Fruit Punch',0,'2024-09-10 22:37:34','2025-05-05 15:20:30'),(96,138,1,'Chocolate',0,'2024-09-10 22:38:01','2025-04-15 14:44:27'),(97,138,1,'Peach Mango',1,'2024-09-10 22:38:12','2024-09-10 22:38:12'),(98,139,1,'Chocolate',1,'2024-09-10 22:38:26','2024-09-10 22:38:26'),(99,140,1,'Double chocolate cookie',1,'2024-09-10 22:39:24','2024-09-10 22:39:24'),(100,142,1,'Fruit Punch',1,'2024-09-10 22:39:42','2024-09-10 22:39:42'),(101,160,2,'Small',1,'2024-09-10 23:09:34','2024-09-10 23:09:34'),(103,160,2,'Medium',1,'2024-09-10 23:10:04','2024-09-10 23:10:04'),(104,160,2,'Large',1,'2024-09-10 23:10:11','2024-09-10 23:10:11'),(106,160,2,'Xlarg',1,'2024-09-10 23:10:22','2024-09-10 23:10:22'),(107,161,1,'Double Rich Chocolate',1,'2024-09-12 19:50:27','2024-09-12 19:50:27'),(108,161,1,'Cookies & Cream',1,'2024-09-12 19:50:43','2024-09-12 19:50:43'),(109,161,1,'French Vanilla Cream',1,'2024-09-12 19:51:51','2024-09-12 19:51:51'),(110,161,1,'Strawberry Shortcake',1,'2024-09-12 19:53:04','2024-09-12 19:53:04'),(111,79,1,'Mango',1,'2024-09-12 20:00:10','2024-09-12 20:00:10'),(112,79,1,'Watermelon',0,'2024-09-12 20:00:41','2025-03-13 15:16:58'),(114,11,1,'Chocolate',1,'2024-09-12 20:20:10','2024-09-12 20:20:10'),(115,141,1,'Chocolate',1,'2024-09-12 20:21:50','2024-09-12 20:21:50'),(117,40,1,'Chocolate',1,'2024-09-12 20:35:01','2024-09-12 20:35:01'),(118,41,1,'Chocolate',1,'2024-09-12 20:35:50','2024-09-12 20:35:50'),(119,43,1,'Chocolate',1,'2024-09-12 20:37:38','2024-09-12 20:37:38'),(120,44,1,'Chocolate',1,'2024-09-12 20:38:10','2024-09-12 20:38:10'),(121,165,1,'Chocolate',1,'2024-09-12 20:38:49','2024-09-12 20:38:49'),(122,45,1,'Sour Gummy Bear',1,'2024-09-14 22:24:33','2025-05-21 20:00:23'),(123,45,1,'Blue Lemonade',1,'2024-09-14 22:25:03','2025-04-28 16:42:28'),(124,181,1,'Chocolate',1,'2024-09-14 22:31:01','2025-04-08 16:52:22'),(125,180,1,'Chocolate',1,'2024-09-14 22:31:32','2024-09-14 22:31:32'),(126,180,1,'Strawberry',1,'2024-09-14 22:31:49','2024-09-14 22:31:49'),(127,180,1,'Cookies & Cream',0,'2024-09-14 22:31:59','2025-04-08 16:53:33'),(128,180,1,'caffe late',0,'2024-09-14 22:32:58','2025-03-22 17:23:34'),(129,180,1,'Vanilla',1,'2024-09-14 22:33:11','2025-03-13 15:13:47'),(132,175,1,'Cookies & Cream',1,'2024-09-14 22:33:49','2025-05-07 15:53:48'),(133,175,1,'caffe late',1,'2024-09-14 22:34:00','2025-02-15 17:59:17'),(134,175,1,'Chocolate',1,'2024-09-14 22:34:17','2024-09-14 22:34:17'),(135,175,1,'vanilla',1,'2024-09-14 22:34:27','2024-09-14 22:34:27'),(138,177,1,'Strawberry-BANANA',1,'2024-09-14 22:38:27','2024-09-14 22:38:27'),(139,177,1,'Chocolate',1,'2024-09-14 22:38:35','2025-04-08 16:52:01'),(140,177,1,'Vanilla',1,'2024-09-14 22:38:52','2024-09-14 22:38:52'),(141,182,1,'Maui Twist',1,'2024-09-14 22:42:38','2025-04-22 15:17:15'),(142,182,1,'Blood Orange',1,'2024-09-14 22:43:36','2025-05-21 20:08:46'),(143,182,1,'Fruit Punch',1,'2024-09-14 22:43:50','2025-05-21 20:08:55'),(144,182,1,'Strawberry Watermelon',0,'2024-09-14 22:44:23','2025-02-15 17:54:27'),(145,182,1,'Apple Pear',0,'2024-09-14 22:44:46','2025-05-21 20:09:06'),(146,182,1,'It\'s Mango Time',0,'2024-09-14 22:45:45','2025-02-15 17:55:08'),(148,200,1,'Cherry&Apple',0,'2025-02-15 17:42:17','2025-03-08 15:47:38'),(149,200,1,'Strawberry&Raspberry',0,'2025-02-15 17:43:26','2025-03-08 15:47:49'),(150,200,1,'Ice Blue razz',0,'2025-02-15 17:44:41','2025-02-15 17:44:41'),(151,201,1,'Lava Cake',1,'2025-02-15 17:46:32','2025-02-15 17:46:32'),(152,201,1,'Vanilla Confetti',1,'2025-02-15 17:47:02','2025-05-09 20:17:30'),(153,197,1,'Chocolate',1,'2025-02-15 17:47:33','2025-04-17 20:22:01'),(154,197,1,'Strawberry',1,'2025-02-15 17:47:42','2025-02-15 17:47:42'),(155,197,1,'Vanilla',1,'2025-02-15 17:48:04','2025-02-15 17:48:04'),(156,198,1,'Cookies & Cream',0,'2025-02-15 17:48:23','2025-04-08 16:52:40'),(158,198,1,'Strawberry',1,'2025-02-15 17:48:40','2025-03-22 17:25:14'),(159,198,1,'Chocolate',1,'2025-02-15 17:48:52','2025-02-15 17:48:52'),(160,198,1,'Vanilla',0,'2025-02-15 17:49:06','2025-04-17 20:22:38'),(161,193,1,'Tropical Rain Flavour',1,'2025-02-15 17:51:39','2025-02-15 17:51:39'),(162,181,1,'Bouebon Vanilla',1,'2025-02-15 17:53:36','2025-05-06 17:02:10'),(163,178,1,'Chocolate-Cinnamon',1,'2025-02-15 17:56:23','2025-02-15 17:56:23'),(164,178,1,'Forest Fruit',1,'2025-02-15 17:56:49','2025-02-15 17:56:49'),(165,179,1,'Chocolate',1,'2025-02-15 17:57:17','2025-02-15 17:57:17'),(166,175,1,'Strawberry',1,'2025-02-15 17:59:31','2025-02-15 17:59:31'),(167,176,1,'Orange',1,'2025-02-15 17:59:53','2025-04-08 16:48:55'),(168,176,1,'Peach',0,'2025-02-15 18:00:07','2025-05-22 17:04:35'),(169,176,1,'Unflavour',0,'2025-02-15 18:00:27','2025-04-03 15:14:21'),(170,174,1,'Strawberry',1,'2025-02-15 18:01:35','2025-02-15 18:01:35'),(171,174,1,'Vanilla',1,'2025-02-15 18:01:50','2025-02-26 17:06:08'),(172,170,1,'Lemon',1,'2025-02-15 18:02:34','2025-02-15 18:02:34'),(173,211,1,'Lemon',1,'2025-02-15 18:06:01','2025-02-15 18:06:01'),(174,211,1,'Watermelon',1,'2025-02-15 18:06:18','2025-02-15 18:06:18'),(175,199,1,'Tropical Rain Flavour',1,'2025-02-15 18:07:12','2025-02-15 18:07:12'),(176,28,1,'Strawberry',0,'2025-02-15 18:10:03','2025-05-03 16:21:06'),(177,42,1,'Chocolate',1,'2025-02-15 18:13:20','2025-02-15 18:13:20'),(178,42,1,'Strawberry',0,'2025-02-15 18:13:27','2025-04-28 16:45:27'),(179,220,1,'Chocolate',1,'2025-02-15 18:27:47','2025-02-15 18:27:47'),(180,220,1,'Strawberry',1,'2025-02-15 18:28:00','2025-02-15 18:28:00'),(181,220,1,'Vanilla',1,'2025-02-15 18:28:16','2025-02-15 18:28:16'),(182,221,1,'Chocolate',0,'2025-02-22 18:21:04','2025-03-17 16:29:10'),(183,221,1,'Strawberry',1,'2025-02-22 18:21:10','2025-02-22 18:21:10'),(184,221,1,'Vanilla',0,'2025-02-22 18:21:25','2025-03-17 16:29:03'),(185,222,1,'Orange',1,'2025-02-22 18:21:55','2025-02-22 18:21:55'),(186,222,1,'Tropical Fruit',1,'2025-02-22 18:22:15','2025-02-22 18:22:15'),(187,181,1,'Strawberry',1,'2025-02-26 17:03:51','2025-02-26 17:03:51'),(188,27,1,'Cocoa Pebbles',1,'2025-02-28 16:10:56','2025-02-28 16:10:56'),(189,27,1,'Chocolate peanut butter',1,'2025-02-28 16:12:01','2025-02-28 16:12:01'),(190,138,1,'Vanilla Creme',1,'2025-02-28 16:56:18','2025-04-22 15:19:01'),(191,226,1,'Blue Raspberry',1,'2025-03-04 19:50:23','2025-03-04 19:50:23'),(192,226,1,'Grape',1,'2025-03-04 19:50:45','2025-03-04 19:50:45'),(193,45,1,'Orange crush',1,'2025-03-21 20:46:48','2025-04-28 16:41:45'),(194,45,1,'Freedom Punch',0,'2025-03-21 20:47:24','2025-05-12 16:34:50'),(195,198,1,'Peanut Butter',0,'2025-03-22 17:28:05','2025-05-06 17:02:36'),(196,45,1,'Sour Peach Rings',0,'2025-03-22 19:31:13','2025-04-28 16:42:12'),(197,229,1,'Wild Berry',0,'2025-03-25 15:07:11','2025-05-14 16:39:00'),(198,229,1,'Strawberry Lime',1,'2025-03-25 15:07:40','2025-03-25 15:07:40'),(199,229,1,'Fruit Fusion',1,'2025-03-25 15:08:09','2025-03-25 15:08:09'),(200,229,1,'Orange',1,'2025-03-25 15:08:31','2025-03-25 15:08:31'),(201,229,1,'Blueberry Lemonade',1,'2025-03-25 15:09:23','2025-03-25 15:09:23'),(202,229,1,'Tropical Sunrise',0,'2025-03-25 15:15:43','2025-05-14 16:39:12'),(203,229,1,'Blue Raspberry',1,'2025-03-25 15:16:21','2025-03-25 15:16:21'),(204,28,1,'Cookies & Cream',0,'2025-04-11 18:57:14','2025-04-24 16:07:03'),(205,182,1,'Blueberry Lemonade',0,'2025-04-22 15:18:15','2025-05-21 20:09:12'),(206,45,1,'Baja Bomb',1,'2025-04-28 16:43:18','2025-05-21 20:00:38'),(207,133,1,'orange mango',1,'2025-05-06 17:05:11','2025-05-06 17:05:11'),(208,78,1,'Banana',1,'2025-05-07 15:47:44','2025-05-07 15:47:44'),(209,45,1,'Tropical Punch',1,'2025-05-07 15:50:21','2025-05-07 15:50:21'),(210,56,1,'Fruit Punch',1,'2025-05-21 20:02:10','2025-05-21 20:02:10'),(211,56,1,'Watermelon',0,'2025-05-21 20:02:26','2025-05-21 20:02:26'),(212,57,1,'Glacial Grape',1,'2025-05-21 20:06:12','2025-05-21 20:06:12'),(213,57,1,'lemon-lime squeeze',1,'2025-05-21 20:06:55','2025-05-21 20:06:55'),(214,57,1,'Smash Apple',1,'2025-05-21 20:07:39','2025-05-21 20:07:39'),(215,57,1,'Strawberry Kiwi Splash',1,'2025-05-21 20:08:03','2025-05-21 20:08:03'),(216,3,1,'Vanilla Cream',1,'2025-05-26 20:13:17','2025-05-26 20:13:17'),(217,2,1,'Strawberry Banana',1,'2025-05-26 20:14:31','2025-05-26 20:14:31'),(218,2,1,'Cookies & Cream',1,'2025-05-26 20:14:40','2025-05-26 20:14:40'),(219,51,1,'Ice Blue Raspberry',1,'2025-05-27 14:47:56','2025-05-27 14:47:56'),(220,263,1,'Fruit Punch Extreme',1,'2025-05-27 14:50:09','2025-05-27 14:50:09'),(221,265,1,'Pink Lemonad',1,'2025-05-27 14:55:57','2025-05-27 14:55:57'),(222,265,1,'Fruit Punch',1,'2025-05-27 14:56:16','2025-05-27 14:56:16'),(223,267,1,'BLOOD BERRY',1,'2025-05-27 15:32:50','2025-05-27 15:32:50'),(224,267,1,'BLACK N\' BLUEBERRY',1,'2025-05-27 15:33:37','2025-05-27 15:33:37');
/*!40000 ALTER TABLE `product_options` ENABLE KEYS */;
UNLOCK TABLES;

--
-- Table structure for table `products`
--

DROP TABLE IF EXISTS `products`;
/*!40101 SET @saved_cs_client     = @@character_set_client */;
/*!40101 SET character_set_client = utf8mb4 */;
CREATE TABLE `products` (
  `id` bigint(20) unsigned NOT NULL AUTO_INCREMENT,
  `name` varchar(191) NOT NULL,
  `description` text NOT NULL,
  `price` decimal(8,2) NOT NULL,
  `category_id` bigint(20) unsigned NOT NULL,
  `stock` tinyint(1) NOT NULL DEFAULT 1,
  `discount` decimal(8,2) NOT NULL,
  `created_at` timestamp NULL DEFAULT NULL,
  `updated_at` timestamp NULL DEFAULT NULL,
  PRIMARY KEY (`id`),
  KEY `products_category_id_foreign` (`category_id`),
  CONSTRAINT `products_category_id_foreign` FOREIGN KEY (`category_id`) REFERENCES `categories` (`id`) ON DELETE CASCADE
) ENGINE=InnoDB AUTO_INCREMENT=268 DEFAULT CHARSET=utf8mb4 COLLATE=utf8mb4_unicode_ci;
/*!40101 SET character_set_client = @saved_cs_client */;

--
-- Dumping data for table `products`
--

LOCK TABLES `products` WRITE;
/*!40000 ALTER TABLE `products` DISABLE KEYS */;
INSERT INTO `products` VALUES (2,'Whey Gold Standard (2.27kg)','GOLD STANDARD 100% WHEY™ Protein powder supports muscle and post-workout recovery with 24g of quality protein and 5.5g of naturally occurring BCAAs per serving¹.\r\nIt’s crafted to be a complete, fast-digesting protein with whey protein isolate as the primary source – a filtered form of whey that can support protein goals for people at every level of fitness – from daily runners and gym-goers to competitive strength athletes and everyone in between.',80.00,2,1,0.00,'2024-08-21 17:56:27','2025-05-26 20:13:40'),(3,'Nitro Tech whey protein (1.8kg)','It’s clean and simple – and it delivers. A single scoop of Nitro-Tech® contains 30g of protein, 3g of creatine monohydrate & 6.6g of BCAAs , primarily from whey protein peptides and whey isolate, two of the cleanest and purest proteins.',60.00,1,1,0.00,'2024-08-21 18:27:46','2025-05-26 20:12:46'),(5,'Nitro Tech whey gold (907g)','It’s clean and simple – and it delivers. A single scoop of Nitro-Tech® contains 24g of protein, 4g Glutamine & 5.3g of BCAAs (28 servings) , primarily from whey protein peptides and whey isolate, two of the cleanest and purest proteins.',35.00,1,0,0.00,'2024-08-21 18:43:57','2025-03-27 16:17:39'),(6,'Challenger Nutrition 100% Whey Protein (66 servings)','24 grams protein • Produced through microfiltration technique for purity • Absorbs quickly into the body for maximum performance • Fuels working muscles and stimulates protein synthesis. 2.26 kg and 66 servings.',60.00,1,0,0.00,'2024-08-21 18:56:39','2025-04-10 18:40:58'),(7,'BPI Whey HD','150 Calories Per Scoop\r\n25g Protein Per Scoop\r\n5g BCAAs Per Scoop\r\nHigh Quality Whey \r\nLow Carb \r\nLow Sugar',50.00,1,1,0.00,'2024-08-21 19:13:28','2025-04-08 16:58:16'),(9,'Scitec Nutrition  100% whey protein','10 gram EAAs per serving , 21 gram protein per serving , gluten-free , no added sugar , 2350 gram , 78 servings.\r\n1 or 2 scoops daily to help you hit your protein goal.',75.00,1,1,0.00,'2024-08-21 19:34:56','2024-08-22 16:02:09'),(11,'Scitec Nutrition  muscle pro','100% Whey Protein* Professional\r\nwith extra amino acids\r\nwith digestive enzymes\r\nwith instant whey proteins\r\ngluten-free\r\nLactose-free\r\n3g Creatine\r\n2500 gram\r\n83 servings\r\n23 gram protein per serving',85.00,1,1,6.00,'2024-08-21 19:56:42','2024-08-22 16:04:09'),(12,'mp combat protein powder','52 servings ,  \r\nEach serving of Combat Protein Powder delivers a commanding 25 grams of protein, fueling your muscle to ensure your hard work and dedication yield real results.\r\n\r\nCombat Protein is the athlete\'s complete protein. Masterfully engineered with a premium blend of 5 unique protein sources, including high-quality whey protein powder, protein powder isolate, hydrolysate and concentrate, egg albumin, and milk protein concentrate. Each protein source digests at a different rate. Varying digestion rates, provide comprehensive amino acid infusion. This strategic approach is crucial for efficient muscle growth and recovery.',55.00,1,0,0.00,'2024-08-21 20:04:19','2025-05-12 16:35:26'),(13,'2 gold creatine + shaker','2 gold creatine + shaker \r\neach creatine contains 60 servings',35.00,5,0,0.00,'2024-08-21 20:09:26','2025-04-19 20:19:36'),(14,'2 whey hd + gold creatine','2 whey hd + gold creatine\r\neach container of whey hd contains 50 servings.\r\n each container of gold creatine contains 60 servings.',110.00,5,1,0.00,'2024-08-21 20:15:58','2024-08-22 16:05:58'),(15,'2 nitrotech','2 nitrotech whey protien .\r\nContact us to choose your flavor after checkout.',99.00,5,1,0.00,'2024-08-21 20:24:15','2024-08-22 16:06:24'),(16,'Bpi iso hd','BPI SPORTS ISO HD Combines delicious flavors, with a premium whey isolate. Crafted for easy digestion and absorption, and easily dissolvable. ISO HD is perfect for your protein shakes or any of your delicious protein recipes! You do not have to sacrifice taste in order to get a premium protein. Let ISO HD show you how protein should be!\r\n\r\n25g of Whey Protein With Each Scoop\r\nExtremely easy to digest & no stomach bloat afterwards\r\nIncredibly Reviewed Flavors!\r\n\r\nINGREDIENTS: WHEY PROTEIN ISOLATE, NATURAL AND ARTIFICIAL FLAVORS, NON-DAIRY CREAMER, SALT, SOY AND SUNFLOWER LECITHIN, CELLULOSE GUM, SUCRALOSE, AND ACESULFAME-K.\r\n\r\nMANUFACTURED IN A FACILITY THAT ALSO PROCESSES EGG AND TREE NUTS.',65.00,2,1,0.00,'2024-08-21 22:08:17','2025-02-07 18:16:47'),(25,'Challenger Nutrition whey isolate','• 25 grams protein, 0 sugar, 0 fat • Produced through micro-filtration technique for purity • Absorbs quickly into the body for maximum performance • Fuels working muscles and stimulates protein synthesis •',80.00,2,1,0.00,'2024-08-22 16:48:22','2025-03-10 14:31:27'),(26,'Mass gainer offer','Mass gainer 6kg 0 fat 0 sugar \r\nCreatine mono 60 servings \r\nFree shaker',80.00,5,1,0.00,'2024-08-22 17:26:13','2025-03-13 20:40:27'),(27,'ISO 100','One of the highest-quality protein powders in the game, it’s filtered to remove excess lactose, carbs, fat, and sugar for maximum mixability and gains. Don’t just beat your best. Smash right through it with the amazing taste of ISO100 Cookies & Cream.',95.00,2,1,0.00,'2024-08-22 17:45:10','2025-02-07 18:17:36'),(28,'Isoflex 100% Pure Whey Protein Isolate (2.27kg)','Truly Superior Whey Protein Isolate\r\nWhey Isolate Protein Technology\r\nGluten-Free & Soy-Free\r\nSugar-Free & Fat Free\r\nLactose-Free\r\nKosher\r\nLab-Tested\r\n100% Whey Isolate Protein',105.00,2,1,0.00,'2024-08-22 18:03:21','2025-04-11 18:55:04'),(29,'Isoflex 100% Pure Whey Protein Isolate 30 servings (2lbs)','Truly Superior Whey Protein Isolate\r\nWhey Isolate Protein Technology\r\nGluten-Free & Soy-Free\r\nSugar-Free & Fat Free\r\nLactose-Free\r\nKosher\r\nLab-Tested\r\n100% Whey Isolate Protein',55.00,2,0,12.00,'2024-08-22 20:34:25','2024-09-12 20:25:27'),(30,'LEVRONE GOLD CREATINE (300g)','Supplementing the diet with creatine, recommended for adults performing high intensity exercise. Creatine increases physical performance in successive bursts of short-term, high intensity exercise, beneficial efect is obtained with a daily intake of 5 g of creatine. Vitamin B6 contributes to the normal function of the immune system',18.00,3,0,0.00,'2024-08-22 21:59:56','2025-04-15 14:37:14'),(31,'ALL MAX Creatine Monohydrate Powder (400g)','Micronized Pharmaceutical Grade Creatine Monohydrate for Bodybuilding\r\nImproves Performance in Short-Burst, High Intensity Training\r\nHelps Increase Muscle Mass, Strength and Size\r\nThe World’s Most Studied and Proven Supplement \r\n80 SERVINGS',35.00,3,1,0.00,'2024-08-22 22:51:58','2025-04-11 18:58:00'),(32,'Challenger Nutrition creatine (300g)','• Enhances muscle production and growth\r\n\r\n• Improves training performance and endurance\r\n\r\n• Helps delay fatigue\r\n\r\n• Boosts energy during workouts and all day\r\n\r\n• Easy and convenient powder that mixes well\r\n\r\nCreatine is a powerful compound that supports the production of energy within hardworking muscles. Challenger Nutrition’s Creatine Powder 5000mg is a rich source of creatine monohydrate to help you improve your protein metabolism, volumize your body cells, and increase the production of secretion of Human Growth Hormone (HGH). Not only that, but it also breaks the weakness of muscle tissues, leaving you with extra energy and a better muscular shape. \r\n\r\nOur creatine monohydrate powder boosts the body’s ability to perform with high intensity and builds muscle mass and strength. This is an essential supplement for weight lifters and bodybuilders who are looking to build muscle, but also endurance athletes, such as cyclists, who want to improve muscle performance during exercise.\r\n\r\nScientifically, creatine is a molecule in creatine phosphate that produce energy to support healthy cellular function. It is a naturally occurring component in your body, and it needs just a few seconds to reprocess after supplementation and fill your muscles with energy.\r\n\r\nIf you aren’t getting enough creatine in your diet from food alone to support your workouts, our creatine powder is a must for hardworking challengers like you. When your muscles are completely saturated with creatine through supplementation, you feel more energy and experience increased lean muscle growth.\r\n\r\nTo use, just mix a scoop (5 grams) of Challenger Nutrition creatine monohydrate powder into 8 to 12 ounces of water, juice, or your favorite beverage. What sets our creatine powder apart from all the others on the market is its exceptional potency and purity. We’ve also specially formulated our creatine to mix better and stay suspended for longer in liquid so that you reap its benefits with none of the aftertaste that other products leave behind.',30.00,3,1,15.00,'2024-08-22 23:03:21','2024-08-23 00:40:14'),(33,'BPI Sports Micronized Creatine (120 servings)','BPI Sports Micronized Creatine - Increase Strength - Reduce Fatigue - Lean Muscle Building - 100% Pure Creatine - Better Absorption - Supports Muscle Growth - Unflavored - 120 Servings',35.00,3,0,0.00,'2024-08-22 23:27:10','2025-05-26 20:34:09'),(34,'Creatine monohydrate 300g  (60 servings)','Elevate your fitness game with micronized CREATINE MONOHYDRATE – a true powerhouse for aiding in muscle and strength enhancement. Boasting a legacy as one of the most extensively studied, proven, and sought-after fitness enhancers - creatine continues to reign supreme. CREATINE MONOHYDRATE powder features the premium micronized version of creatine monohydrate for superior mixability and rapid absorption that won’t cause bloating or discomfort. Experience the full spectrum of creatine\'s power - increase your performance, build explosive strength, and show off those impressive lean muscle gains.',20.00,3,1,0.00,'2024-08-22 23:31:50','2025-05-26 20:34:18'),(35,'PLATINUM 100% CREATINE 400g (80 servings)','PLATINUM 100% CREATINE PROVIDES ULTRA-PURE MICRONIZED CREATINE POWDER\r\nPlatinum 100% Creatine provides your muscles with the world’s highest quality and most clinically researched form of micronized creatine. Creatine is shown to increase lean muscle and improve strength and endurance.',35.00,3,1,0.00,'2024-08-22 23:36:05','2025-05-26 20:39:49'),(36,'ANABOLIC PEAK (5.4kg)','1330 CALORIES\r\n60G OF PROTEIN \r\n262G CARBS\r\n15G BCAA\r\n9G LEUCINE',60.00,4,0,0.00,'2024-08-22 23:50:57','2025-03-22 17:25:33'),(37,'SERIOUS MASS ON (5.4kg)','Supports muscle building & weight gain\r\nHelps fuel intense workouts\r\n1250-1260 calories per serving\r\n50g protein per serving\r\n250-253 carbs per serving\r\n5g of creatine monohydrate per serving',90.00,4,1,11.00,'2024-08-23 00:37:08','2025-04-28 16:43:41'),(39,'MassTech Extreme 2000 (5.4kg)','MuscleTech Mass Gainer Protein Powder, Mass-Tech Extreme 2000, Muscle Builder Whey Protein Powder, Protein + Creatine + Carbs, Max-Protein Weight Gainer for Women & Men, Triple Chocolate.\r\n\r\nAbout this item\r\nMASS GAINER PROTEIN POWDER – Mass-Tech Extreme 2000 is a 5-in-1 hardcore mass gainer designed for individuals looking to put on extreme mass. Mass-Tech Extreme 2000 has everything you need to bulk up, pack on muscle and smash through strength plateaus\r\nProduct Note: Exposure to heat or sunlight may lead to melting/damage of product. Hence customers are expected to be available during the product delivery\r\nMUSCLE BUILDER – Mass-Tech Extreme 2000 delivers more protein per serving than most other mass gainers. With a whopping 80g of premium protein, your body will have all the building blocks it needs to build the size and muscle you’re looking for\r\nSUPERIOR WEIGHT GAINER – It’s clean and simple. Delivers more protein (80g), better calories and bigger results than other mass gainers, with the macros you need to pack on quality mass\r\nCREATINE MONOHYDRATE – Mass-Tech Extreme 2000 contains a clinically validated 10g dose of creatine monohydrate to help you increase strength and regenerate ATP stores that are reduced during resistance training\r\n   Report an issue with this product or seller\r\nNote: Products with electrical plugs are designed for use in the US. Outlets and voltage differ internationally and this product may require an adapter or converter for use in your destination. Please check compatibility before purchasing.',70.00,4,1,0.00,'2024-08-23 00:43:57','2025-05-26 20:33:03'),(40,'BULK MUSCLE XL (5.9kg)','BPI MASS GAINER : is an anabolic mass gainer that helps you build lean muscle with more protein, more muscle-building carbohydrates and more “good” calories per serving – so you can get thicker, bigger and stronger.\r\n\r\nBPI Sports Mass Gainer is a form of protein powder with higher calorie content than your regular whey protein. Bulk Muscle XL is unique in that it contains the finest protein available, without the excess fats that are in many other weight gainer formulas.\r\n\r\nOur high-quality protein powder mixes effortlessly with a blender, shaker or spoon for a smooth, easy-to-drink shake, every time.\r\n\r\nINSTRUCTIONS\r\nTake 1 serving (2 scoops) mixed in 350 ml of water after workouts or as a meal replacement.\r\n\r\nSupplement Facts\r\nServing Size = 2 Scoops\r\nServings per Container: 50',65.00,4,1,0.00,'2024-08-23 01:02:58','2024-08-23 01:55:45'),(41,'Challenger Nutrition - Thunder Gain (7.2kg)','SHORT DESCRIPTION\r\nThunder Gain is a great weight gainer available today for developing your physique to the fullest.\r\n\r\nDESCRIPTION\r\nFor serious athletes and bodybuilders, there’s a right way and a wrong way to gain weight. Thunder Gain weight gainer product will help you put on pounds in a healthy, efficient, and delicious way.\r\n\r\nThunder Gain contains pure whey protein concentrate and packs a punch with 1,250 calories per 334-gram serving. You’ll also get 50 full grams of protein and essential nutrients with each dose, including calcium, iron, and potassium.\r\n\r\nWe’ve designed this weight gainer for hardcore individuals looking to increase size and build strength faster. This high-calorie protein plus carbohydrate powder maximizes muscle mass while supplying energy to support muscle building. It also mixes well, is easy to digest, and has a delicious flavors taste.\r\n\r\nTrue challengers don’t accept anything less than the best. Thunder Gain is a great weight gainer available today for developing your physique to the fullest.\r\n\r\nINGREDIENTS\r\nContains ingredients from milk, soy, and coconut. Made in a facility that also processed sesame, egg, peanuts, tree nuts, fish, shellfish oils and wheat products.\r\n\r\nHOW TO USE\r\n1- Mix one Serving (4 scoops) with 750 ml of Thunder Gain with cold water or skimmed milk in shaker, or blender.\r\n\r\n2- Use between major meals. Thunder Gain is highly concentrated, due to its potency, you may want to consider using ½ serving two to three times a day.',75.00,4,1,0.00,'2024-08-23 01:07:07','2025-04-02 17:45:23'),(42,'Inner Armour Hard Mass Gainer (5.4kg)','Inner Armour Hard Mass Gainer 5lb Chocolate is a dietary supplement, which can help you gain extra calories and nutrients without adding to your fat. Thus, it can work wonders by helping you in gaining weight, and at the same time building your muscles and strength. Formulated with carbohydrates, protein, creatine and essential nutrients, this supplement can be taken in the form of shake after your workout sessions. It is also enhanced with amino acids that support muscle function and reduce muscle breakdown. Thus, it not only helps in the development of your muscles but also protects your hard-gained muscle mass. It minimises muscles fatigue and soreness.\r\n\r\n50g Protein\r\n267g Carbohydrates\r\n4g Creatine\r\n1277 Calories\r\n9g BCAAs andamp; Glutamine',60.00,4,1,0.00,'2024-08-23 01:31:10','2025-05-22 16:49:28'),(43,'Inner Armour Hard Mass Gainer (2.7kg)','Inner Armour Hard Mass Gainer 5lb Chocolate is a dietary supplement, which can help you gain extra calories and nutrients without adding to your fat. Thus, it can work wonders by helping you in gaining weight, and at the same time building your muscles and strength. Formulated with carbohydrates, protein, creatine and essential nutrients, this supplement can be taken in the form of shake after your workout sessions. It is also enhanced with amino acids that support muscle function and reduce muscle breakdown. Thus, it not only helps in the development of your muscles but also protects your hard-gained muscle mass. It minimises muscles fatigue and soreness.\r\n\r\n50g Protein\r\n267g Carbohydrates\r\n4g Creatine\r\n1277 Calories\r\n9g BCAAs andamp; Glutamine',35.00,4,0,0.00,'2024-08-23 01:37:04','2025-02-07 18:20:35'),(44,'Inner Armour ANABOLIC PEAK Gainer (2.7KG)','Inner Armour Hard Mass Gainer 5lb Chocolate is a dietary supplement, which can help you gain extra calories and nutrients without adding to your fat. Thus, it can work wonders by helping you in gaining weight, and at the same time building your muscles and strength. Formulated with carbohydrates, protein, creatine and essential nutrients, this supplement can be taken in the form of shake after your workout sessions. It is also enhanced with amino acids that support muscle function and reduce muscle breakdown. Thus, it not only helps in the development of your muscles but also protects your hard-gained muscle mass. It minimises muscles fatigue and soreness.\r\n\r\n50g Protein\r\n267g Carbohydrates\r\n4g Creatine\r\n1277 Calories\r\n9g BCAAs andamp; Glutamine',35.00,4,0,0.00,'2024-08-23 01:46:18','2025-05-22 16:49:41'),(45,'TOTAL WAR (30 SERVINGS)','AWARD WINNING AND #1 SELLING PREWORKOUT FORMULA\r\nCOMPLETE PREWORKOUT SUPPLEMENT WITH A POWERFUL COMBINATION OF ENDURANCE, PUMP, ENERGY AND FOCUS FACTORS\r\n320MG CAFFEINE FOR LONG LASTING ENERGY POWER YOUR TOUGHEST WORKOUTS\r\n6G L-CITRULLINE FOR ENHANCED BLOOD FLOW AND INTENSE PUMPS\r\n3.2G BETA ALANINE FOR MUSCULAR ENDURANCE AND PERFORMANCE\r\nFULLY TRANSPARENT LABEL SO YOU KNOW WHAT’S IN EVERY SCOOP OF YOUR PRE WORKOUT POWDER',25.00,9,1,0.00,'2024-08-23 03:31:28','2024-08-31 16:33:34'),(46,'Kevin Levrone Signature Series Shaboom Pump','Shaaboom Ice Pump. Food supplement. With sweeteners. Contains caffeine (200 mg / portion 9,25 g; 400 mg / daily portion 18,5 g). Not recommended for children or pregnant women. Pre-workout formula containing citrulline malate, beta-alanine and betaine intended for physically active adults.\r\n\r\nIngredients: citrulline malate, beta-alanine, L-arginine alphaketoglutarate (A-AKG), betaine anhydrous, stabiliser (glyceryl monostearate), acidity regulator (E500(ii)), anti-caking agent (E551), flavourings, caffeine anhydrous, salt, red beet juice concentrate1,2,3,5, black carrot concentrate5, sweeteners (acesulfame K, sucralose, steviol glycosides from Stevia), colour/s [(E160a)1,4,6, (E110)4]. E110: may have an adverse effect on activity and attention in children.\r\n\r\nRecommended use: Mix ~2 scoops of powder (9,25 g) with 150-175 ml of water. Drink 1 portion in the morning and 1 portion 30-45 minutes before workout.\r\n\r\nWarnings: Do not use if you are allergic to any of the product compounds. Do not exceed the recommended daily dose. Food supplements should not be used as a substitute for a varied diet. A varied and balanced diet and healthy lifestyle are recommended. Do not use if pregnant or nursing. Keep out of reach of young children. Do not exceed a dose of 400 mg caffeine per day from all sources. Do not consume with alcohol. If you take medications, you should consult your doctor before you consume the product. The measure included in the packet serves to facilitate portioning, but it does not guarantee precise dosing. It is advisable to use scales in order to measure out the exact amount. Shake the package well before use. This product is sold by weight not volume. Some settling of powder may occur during shipping and handling, which may affect density of powder. This product contains the serving indicated when measured exactly by weight.\r\n\r\nFlavours: Icy citrus-peach1, Icy dragon fruit2, Icy lychee3, Icy mango-passion fruit4, Icy blackberry-pineapple5, Icy orange-mango6.\r\n\r\nShaaboom Ice Pump. Food supplement\r\n\r\nServing size: ~1 Scoop (9,25 g)\r\nServings per container: 50\r\nAmount in	9,25 g	18,5 g\r\nCitrulline malate	3000 mg	6000 mg\r\n   of which citrulline	2000 mg	4000 mg\r\nBeta-alanine	1600 mg	3200 mg\r\nL-arginine alphaketoglutarate (A-AKG)	1000 mg	2000 mg\r\n   of which L-arginine	700 mg	1400 mg\r\nBetaine	750 mg	1500 mg\r\nGlyceryl monostearate	750 mg	1500 mg\r\nCaffeine	200 mg	400 mg',30.00,9,0,14.00,'2024-08-23 03:41:54','2024-09-12 20:46:42'),(47,'Pump 3G Zero Stim - Caffeine Free Pre-Workout 375g','Pump 3G 375g\r\nPRE-WORKOUT • NEXT GENERATION\r\n375G | 50 SCOOPS\r\n5G CITRULLINE | 3G AAKG | 3G CREATINE | 2G BETA-ALANINE\r\nPump 3G Next Generation now more concentrated than ever, stacked with a host of the most popular and researched ingredients to help improve pump, focus, and performance. Pump 3G was formulated whilst having the PUMP FACTOR prioritized at all stages of development in order to maximize gains, whilst still maintaining a potent stimulant dose.\r\n\r\nKEY BENEFITS\r\nCaffeine contributes to an increase in endurance capacity\r\nCreatine Monohydrate increases physical performance in successive bursts of short-term, high-intensity exercise\r\nVitamin B12 contributes to the reduction of tiredness and fatigue\r\nTested for Athletes\r\nHalal Certified Product\r\nDIRECTIONS FOR USE\r\nSUGGESTED USE\r\nMix 1 serving 15g (2 scoops) with 200ml of cold water 30 minutes prior to exercise and consume immediately.\r\n*Scoops are estimated only, weighing scales are recommended.',35.00,9,0,0.00,'2024-08-23 03:49:56','2025-02-10 20:36:49'),(50,'Applied Nutrition ABE: Ultimate Pre-Workout Formula 375g','30 SEEVINGS  take 1 scoop before 15 min of training.',25.00,9,0,0.00,'2024-08-23 04:09:04','2025-05-21 19:58:14'),(51,'C4 original pre-work out (30 servings)','C4 Original Pre Workout Powder - Vitamin C for Immune Support - Sugar Free Pre-workout Energy for Men & Women - 150mg Caffeine + Beta Alanine + Creatine +Arginine  - 30 Servings',25.00,9,1,0.00,'2024-08-23 21:29:21','2025-05-27 14:46:30'),(52,'BIOTECH USA Black Blood Pre-Work out (40 servings)','Sugar-free, extreme pre-workout food supplement drink powder with 400 mg caffeine, amino acids, vitamins, minerals and sweeteners.',35.00,9,0,0.00,'2024-08-23 21:36:44','2025-02-10 20:37:25'),(53,'API BCAA TRAINER (45 SERVINGS)','THE BENEFITS\r\nMEGA MUSCLE FOOD\r\nBy fueling muscle recovery and growth, BCAAs have been proven to help strength, physique, and endurance athletes train longer and harder. Maintain a leaner body, and prevent muscle breakdown with this cutting edge blend of citrulline and other high-quality ingredients. Make BCAA TRAINER your pre-workout and workout training partner.\r\n\r\nHIGH-TECH HYDRATION\r\nAPI’s BCAA TRAINER with hydration complex is a perfectly balanced blend of the branched chain amino acids (BCAAs) L-Leucine, L-Isoleucine and L-Valine. Explosive nitric oxide producing amino acid citrulline and electrolytes complete the chain of complex ingredients to keep you hydrated.\r\n\r\nBLOOD FLOW BOOST\r\nCitrulline in the ultra-refreshing BCAA TRAINER is converted into arginine in the body to increase blood flow, vascularity and nitric oxide production. It’s an extra energy equation that delivers massive pumps and fights training fatigue.\r\n\r\nHOW TO TAKE BCAA TRAINER\r\nMix 1 level scoop (8.6 grams) with 8-10 oz of water.\r\n\r\n.',30.00,8,1,22.20,'2024-08-23 21:50:06','2025-05-21 20:01:26'),(54,'RSP Fast Fuel (BCAA + CAFFINE) 30 servings','RSP Nutrition Fast Fuel is an elite pre-workout formula that provides clean energy, and optimizes endurance, hydration and muscle recovery. Each serving of Fast Fuel contains 250mg of natural caffeine, 5g of essential amino acids, 6 different electrolytes, 1000mg of Beta-Alanine & Creatine, and 500mg of L-Arginine.  These ingredients work together to boost your performance, help you push your limits, and crush your goals. Fast Fuel flavors are inspired by iconic destinations around the world where you can find RSP.',25.00,8,0,0.00,'2024-08-23 22:18:42','2025-03-05 18:53:05'),(55,'BPI BEST BCAA (30 servings)','Branch Chain Amino Acids, or BCAA\'s are an essential nutrient. Our bodies use them to for energy, and for maintaining muscle. \r\n\r\nBest BCAA is designed to give your body a boost when it needs it most. Used Intra-Workout or Post-Workout, our formula aims to facilitate fat loss, aid in muscle growth and recovery, and ignite muscle protein synthesis. Your body doesn\'t produce BCAAs naturally so Best BCAA is here to give you that boost!\r\n\r\nDelicious Flavors\r\nRecovery Aid\r\nIndustry Mixability .',25.00,8,0,0.00,'2024-08-23 22:28:38','2025-03-05 18:53:39'),(56,'BPI BEST BCAA (60 servings)','Branch Chain Amino Acids, or BCAA\'s are an essential nutrient. Our bodies use them to for energy, and for maintaining muscle. \r\n\r\nBest BCAA is designed to give your body a boost when it needs it most. Used Intra-Workout or Post-Workout, our formula aims to facilitate fat loss, aid in muscle growth and recovery, and ignite muscle protein synthesis. Your body doesn\'t produce BCAAs naturally so Best BCAA is here to give you that boost!\r\n\r\nDelicious Flavors\r\nRecovery Aid\r\nIndustry Mixability .',35.00,8,1,0.00,'2024-08-23 22:41:58','2025-05-22 16:59:09'),(57,'XTEND BCAA ( 30 SERVINGS )','XTEND Original is the BCAA that started it all. With it\'s huge selection of mouth-watering flavors, XTEND Original was designed to help you hydrate, repair, and recover.',25.00,8,1,0.00,'2024-08-23 22:53:33','2025-05-21 20:02:49'),(58,'VS BCAA PRO (26 SERVINGS)','BCAA PRO powered with 5g of BCAA as well as 5g of Glutamine at the same high dosage level to make you benefit from two essentials supplements merged in only one. In its unique formula BCAA PRO will keep your body machine in anabolic state essential for faster muscle tissue regeneration.\r\n\r\nCategory: STRENGTH UP\r\nTag: STRENGTH UP PRO LINE\r\n Description Nutrition Facts HOW TO TAKE! Barcodes \r\n/// BCAA PRO DEFINITION\r\nFaster recovery is the key to better achievements, V-SHAPE BCAA PRO powered with 5g of BCAA as well as 5g of Glutamine is the right supplement you certainly deserve!\r\n\r\nOnly the quickest possible muscle regeneration can stop catabolism and ensure the maximum muscle mass growth. If you are looking for an effective solution for quicker regeneration, V-SHAPE BCAA PRO will meet all your expectations and will help you to achieve any training goal!\r\n\r\nBCAA PRO 2in1 RECOVERY FORMULA!\r\nThe formula designed with a combination of top quality branched-chain amino acids (BCAAs) with potent ratio of 2:1:1 (leucine, isoleucine, valine) and instant glutamine form that will quickly make you notice the effect.\r\n\r\nYou will take maximum advantage of this muscle GAIN/RECOVERY in 1:1 ratio formula.\r\nRarely are the formulation combining both BCAA and Glutamine at the same high dosage level to make you benefit from two essentials supplements combined in only one!\r\nUnique, market-leading formula of branched-chain amino acids and glutamine lets you quickly and effectively replenish amino acids needed for proper functioning of every sportsman’s body.\r\n\r\nBCAA BENEFITS\r\nUnder heavy load the body demands large amounts of BCAAs. However, diet itself usually is not enough for sufficient supply of BCAA complex.\r\nBCAAs, namely L-leucine, L-valine and L-isoleucine are some of the amino acids metabolized directly in the muscles and are the only amino acids that exhibit the ability of stimulating the muscle protein synthesis independently. Thus, they help to block harmful catabolic reactions and contribute to better muscle mass gains. Additionally, BCAAs protect the muscle tissue and let you burn fat tissue faster, which is an enormously important aspect of supplementation when aiming of achieving a perfectly shaped body.\r\n\r\nGLUTAMINE ADVANTAGES\r\nGlutamine is also a key amino acid for the bodies of those who are physically active. As opposed to BCAA, glutamine belongs to the group of endogenous (produced in our body) amino acids, but it’s extremely difficult to ensure its sufficient supply relying only on a varied diet.\r\nGlutamine is badly needed to be supplemented to ensure the faster and maximum muscle recovery necessary to every hard trainer.\r\n\r\n \r\nRelated products\r\n\r\nMicronized Ultra-Filtered GLUTAMINE\r\n\r\nAMINO 10,000\r\n\r\nAAKG Strong\r\n\r\nv-itamin',25.00,8,1,0.00,'2024-08-23 23:01:11','2024-08-23 23:01:11'),(59,'Warrior Omega3 (60 servings)','Warrior Omega\r\nWarrior Omega Fish Oils 1000mg ensures you consume fats that are essential to maintaining a healthy system. The typical western lifestyle means we often lack in these essential fatty acids due to the typical \"western diet\" which tends to be high in processed foods, rather than omega rich sources such as oily fish and nuts.\r\n\r\nBenefits of Omega 3 Essential Fatty Acids\r\nSupplementation with Warrior Omega can help to boost your intake levels of these essential nutrients, and a healthy intake of Omega 3 Essential Fatty acids may help to:\r\n\r\nMaintain healthy skin, hair, teeth and gums\r\nMaintain healthy bones and joints\r\nSupport a healthy immune system\r\nMaintain a healthy cardiovascular system\r\nMaintain normal mood and a healthy nervous system',10.00,11,0,0.00,'2024-08-23 23:19:49','2025-02-10 20:38:31'),(60,'ALLMAX OMEGA3','OMEGA3\r\nSource of Omega 3 Essential Fatty Acids (EFA)\r\nExcellent Source of EPA180mg and DHA120mg\r\nHelps Support Brain Function and Heart Health',25.00,11,0,0.00,'2024-08-24 00:12:11','2025-05-22 17:02:12'),(61,'MUSCLETECH 100% FISH OIL','Platinum 100% Omega Fish Oil100 soft gel delivers ultra-pure fish oils, which are an excellent source of the omega-3 fatty acids docosahexaenoic acid (DHA) and eicosapentaenoic acid (EPA). Fish oils help speed up recovery time, burn body fat and promote muscle growth.',15.00,11,0,0.00,'2024-08-24 00:17:11','2025-05-08 16:56:37'),(62,'MUSCLTECH MULTI VITAMIN (90 tablets)','A complete, advanced multivitamin complex packed with high-potency vitamins and minerals, plus an amino support matrix',20.00,11,1,0.00,'2024-08-24 00:35:19','2025-02-28 16:13:46'),(63,'USN Z-MAG+ (180 CAPSULE)','Performance Z-Mag+ supports strength, recovery, and endurance gains.  Z-Mag+ is a combination of Zinc, Magnesium, and Vitamin B6.\r\n\r\n30mg Zinc per serving\r\n450mg Magnesium per serving\r\n10.5mg Vitamin B6 per serving',25.00,11,0,0.00,'2024-08-24 00:45:10','2025-02-10 20:39:33'),(64,'BIOTECH USA DAILY PACK (30 packs)','Food supplement pills and capsules, containing vitamins, minerals, omega-3, lecithin and plant extracts.',45.00,11,0,0.00,'2024-08-24 00:59:23','2025-02-10 20:39:50'),(65,'Hepaplus Liver & digestion (30 capsule)','Hepaplus™ is a complex composition of artichoke extract (Cynara scolymus L.) standardized to 5% content of cynarine, which supports the proper functioning of the liver and digestive system. The formula has been enriched with L-ornithine aspartate and group B vitamins B1, B2, B6, niacin and pantothenic acid, which participate in proper energy metabolism.\r\n\r\nIngredients\r\nNutritional information\r\n1 capsule\r\nCynara extract (Cynara scolymus L.) standardised to 5% cinarine\r\n350 mg\r\nL-ornithine aspartate\r\n100 mg\r\nThiamine (vit. B1)\r\n0,55 mg (50%*)\r\nRiboflavin (vit. B2)\r\n0,7 mg (50%*)\r\nNiacin (vit. B3)\r\n8 mg (50%*)\r\nPantothenic acid (vit. B5)\r\n3 mg (50%*)\r\nVitamin B6\r\n0,7 mg (50%*)',13.00,11,1,0.00,'2024-08-24 01:05:50','2024-08-24 01:05:50'),(74,'Muscletech Cell Tech (27 servings)','Cell-Tech is the best for a reason. Specifically formulated for those looking to pack on lean muscle, Cell-Tech is scientifically engineered, third-generation creatine formula featuring a clinically validated blend of creatine monohydrate and carbohydrates. For more that two decades, Cell-Tech has helped athletes who have trouble putting on size make unprecedented gains. It\'s grown to become a legendary staple in the supplement regimen of serious competitors – and proof that MuscleTech continues to push the limits of science and research everyday.\r\nFaster muscle growth\r\n\r\nProven to enhance strength & performance\r\n\r\nImprove recovery',35.00,3,0,0.00,'2024-08-24 01:13:13','2025-03-08 15:46:56'),(75,'Muscletech Cell Tech (54 servings)','Creatine:10G / Aminos:5G / ALA:200MG / SERVINGS:54\r\n\r\nCell-Tech is the best for a reason. Specifically formulated for those looking to pack on lean muscle, Cell-Tech is scientifically engineered, third-generation creatine formula featuring a clinically validated blend of creatine monohydrate and carbohydrates. For more that two decades, Cell-Tech has helped athletes who have trouble putting on size make unprecedented gains. It\'s grown to become a legendary staple in the supplement regimen of serious competitors – and proof that MuscleTech continues to push the limits of science and research everyday.\r\nFaster muscle growth\r\n\r\nProven to enhance strength & performance\r\n\r\nImprove recovery',55.00,3,1,10.00,'2024-08-24 01:24:44','2024-08-24 01:24:44'),(76,'Victory Martinez Glutamine (60 servings)','L-Glutamine is the most abundant Amino Acid in the human body. Amazingly, around 60 percent of your skeletal muscle is made up of Glutamine, and your body uses and depletes it rapidly - especially in active individuals who workout or play sports. As an Essential Amino Acid, Glutamine is critical in minimizing muscle breakdown, supporting endurance, helping gut function and enhancing nutrient absorption.\r\n\r\nBenefits of Glutamine Supplementation:\r\n\r\n- Can Accelerate Recovery Times & Reduce Soreness\r\n\r\n- May Restore Immune System Health\r\n\r\n- Supports Improved Digestive Health\r\n\r\n- May Help Improve Strength Gains\r\n\r\n- Has Been Shown To Improve Hydration',25.00,6,0,0.00,'2024-08-24 01:40:50','2025-03-05 18:52:00'),(78,'MEGA SPORT AMINO HARDCORE (325 TABLETS)','Amino acids are the building blocks of proteins and muscle tissue. All types of physiological processes relating to sport – energy, recovery, muscle / strength gains and fat loss, as well as mood and brain function – are intimately and critically linked to amino acids. It is no wonder amino acids have become major players in athletes supplementation, especially among bodybuilders. Amino hardcore is a powerful blend of all three Branched Chained Amino Acids plus other essential aminos. Scientifically formulated with high bioavailability for your hardcore bodybuilding regimen, Amino Hardcore provides crucial building blocks for protein, which is the main component of muscle tissue.\r\n\r\nIngrediants\r\nServings Per Container: 54	Amount Per Serving % DV*	\r\nCalories	90	\r\nCalories From Fat	18	\r\nTotal Fat	2g	1.5%\r\nCalcium	34mg	2%\r\nSodium	20mg	< 1%\r\nProtein	12,000mg	24%\r\nof which saturates	0.06 g	0.1 g\r\nDietary fiber	0.4 g	0.5 g\r\nSodium	0.4 g	0.6 g\r\nL-Glutamic Acid	2440mg	*\r\nL-Proline	1240mg	*\r\nGlycine	280mg	*\r\nL-Leucine (BCAA)	1000mg	*\r\nL-Lysine	880mg	*\r\nAspartic acid	760mg	*\r\nL-Alanine	320mg	*\r\nL-Arginine	480mg	*\r\nL-Valine (BCAA)	760mg	*\r\nL-Serine	680mg	*\r\nL-Phenylalanine	520mg	*\r\nL-Isoleucine (BCAA)	640mg	*\r\nL-Tyrosine	680mg	*\r\nL-Threonin	520mg	*\r\nL-Histidine	320mg	*\r\nL-Methionine	420mg	*\r\nL-Tryptophan**	120mg	*\r\nL-Cystine	40mg	*',30.00,6,1,0.00,'2024-08-24 01:52:00','2025-02-28 16:13:03'),(79,'RED REX EAA + CREATINE HCL (30 SERVINGS)','EAA + Creatine HCL is a full spectrum EAA profile consisting of all 9 Essential Amino Acids and muscle building Creatine HCL. Each serving delivers 6G\'s of BCAAs making this a superior, advanced recovery, intra and post workout product compared to the stand alone BCAA supplement.\r\n\r\nResearched Proven 2:1:1 Ratio Of BCAAs: Branch Chain Amino Acids Leucine, Isoleucine and Valine supports helps prevent muscle breakdown during workouts, muscle repair and aids in post-workout recovery.\r\n\r\nLean Muscle Growth: When taken intra-workout or post-workout, EAAs have been shown to increase muscle protein synthesis, leading to better gains in lean muscle growth and recovery. \r\n\r\nBenefits of Creatine HCL:\r\n\r\nRequires a lower dose than Creatine Monohydrate\r\nDoes not require a “loading cycle” \r\nFaster absorption\r\nIncreased body mass\r\nFaster muscle recovery\r\nReduced fatigue\r\nRelatively faster gains in strength',30.00,8,0,0.00,'2024-08-24 02:01:59','2025-04-15 14:34:50'),(80,'Carnivor Beef Amino (300 Tablets)','Carnivor Beef Aminos - Tablets\r\nMuscleMeds Ultra-Concentrated CARNIVOR 100% BEEF AMINOS use a patented processing technology to provide high concentrations of quality amino acids. Made from the finest premium grade Beef Protein Isolate, Beef Albumin, Argentinian Desiccated Beef Liver and Beef Immunoglobulin, each ultra-concentrated tablet provides a full spectrum of essential amino acids including high levels of Branched Chain Amino Acids (BCAAs) and bio-active growth factors. Plus, the addition of creatine helps increase muscle size and strength, while added Branched Chain Keto Acids (BCKAs) help you recycle these concentrated amino acids for enhanced nitrogen retention. This powerful amino acid formula will allow you to harness the muscle building force of beef without any fat or cholesterol, and with even higher concentrations of aminos, creatine and growth factors!',25.00,6,0,0.00,'2024-08-24 02:10:55','2024-09-12 20:39:45'),(86,'Bcaa + Creatine','Bcaa 30 servings + Creatine 60 servings',30.00,5,0,0.00,'2024-08-27 17:18:00','2025-04-19 20:20:11'),(89,'MUSCLTECH TEST HD (90 CAPLETS)','Take 1 serving (1 caplet) twice daily. Take the first caplet in the morning and the second caplet in the midafternoon. On workout days, take the second serving 30 minutes before your workout. Do not exceed 2 servings in a 24-hour period. Read the entire label before use and follow the directions provided.',28.00,7,0,0.00,'2024-08-27 19:47:16','2025-04-15 14:35:30'),(90,'ANABOL HARDCORE (60 LIQUI-CAPS)','ACTIVATE REAL ANABOLISM FOR BIGGER, STRONGER, HARDER AND DENSER MUSCLES: A a powerful ANABOLIC ACTIVATOR. It is for those who want to build lean, dense, high-quality muscles with extra hardness.\r\nTRIGGER MUSCLE PROTEIN SYNTHESIS: When used in combination with intense weight training, and muscle building exercises and sports activities. The adaptogenic properties of ANABOL help signal your body to increase muscle protein synthesis. muscle-building, recovery and strength gains can occur at a faster pace. You should consume a high protein diet while taking ANABOL.\r\nVEGETARIAN FRIENDLY: Made with fast absorbing vegetable caps and free of animal products. This can safely be used with a vegetarian diet.\r\nACHIEVE LEANER AND DENSER MUSCLE MASS: Perfect for bodybuilding, weight lifting, and athletes who need increased strength.\r\nREPAIR MUSCLE & RECOVER FASTER: Not only does it help build muscle, it makes your recovery time faster.',30.00,7,1,0.00,'2024-08-27 19:52:55','2024-08-27 19:52:55'),(91,'UNIVERSAL GH MAX (180 TABLETS)','Growth hormone (GH) can add lean mass by stimulating protein synthesis and increasing nitrogen retention in muscles. Universal Nutrition’s GH Max is the ultimate GH support formula. It is designed for the elite strength athlete who is interested in optimizing strength and power. GH Max is enhanced with arginine and ornithine, along with other anabolic support nutrients, to help you reach your strength goals.',40.00,7,1,12.50,'2024-08-27 20:03:21','2024-08-27 20:03:21'),(92,'RC TRIBULUS XS (120 CAPSULES)','As a dietary supplement, take 1-2 capsules daily, preferably with morning and evening meals and with plenty of water. Use in conjunction with a proper diet and exercise regimen.\r\n500mg Tribulus  per serving\r\n120 servings per container\r\nDesigned to increase endurance*\r\nZero added fillers or stimulants',28.00,7,0,0.00,'2024-08-27 20:11:40','2024-09-12 20:44:26'),(93,'TRIBU 2000 (90 TABLETS)','Scitec Nutrition Tribu 2000 is a nutritional supplement containing Tribulus terrestris extract. One tablet contains up to 2000 mg of an extract with a high content of saponins.\r\nAccording to current EU legislation, we may not include more detailed information on herbs and herbal products that could give the impression of a health or healing effect of the herbs. Likewise, we are not allowed to mention the effects of herbs proven by scientific research and studies, unless it is a medicine registered by a pharmaceutical company.\r\nBenefits\r\nup to 2000 mg of Tribulus terrestris extract per tablet\r\nhigh content of saponins\r\nDirections of use\r\nTake 1 tablet a day with a glass of water.',30.00,7,1,0.00,'2024-08-27 20:16:20','2024-08-27 20:29:12'),(95,'ASHWAGANDHA NOW (90 VEG CAPSULES)','Ayurvedic adaptogen: Ashwagandha is used as a general tonic and adaptogen, helping the body adapt to temporary normal stress. Now Ashwagandha is a standardized extract (450 milligrams per serving). Take 1 capsule 2 to 3 times daily.\r\nFree radical scavenger/Immune system support: Preliminary data suggest that Ashwagandha supports a healthy immune system.\r\nCertifications/classifications: Non-GMO, kosher, dairy free, egg free, nut free, soy free, vegan/vegetarian, made without gluten\r\nGMP quality assured: NPA A-rated GMP certification means that every aspect of the NOW manufacturing process has been examined, including our laboratory/testing methods (for stability, potency, and product formulation).',25.00,10,1,0.00,'2024-08-27 20:46:53','2025-04-08 16:50:47'),(96,'ASHWAGANDHA ROOT 920 MG (90 CAPSULES)','What Is Ashwagandha?\r\n\r\nAshwagandha is a traditional herb that has been used in Ayurvedic wellness practices for centuries. Derived from the roots of the Withania somnifera plant, it is a member of the nightshade family and is native to India and Asia. Many people seek ashwagandha root supplements as the roots are touted for being high in naturally occurring antioxidants.\r\n\r\nNature’s Truth Ashwagandha Root Capsules\r\n\r\nThese capsules feature ashwagandha derived directly from the root of Withania somnifera, delivering the equivalent of 920 mg of concentrated Ashwagandha Root extract in every serving.** Two quick release capsules provide a high-quality source of this traditional herb and are easy to integrate into your daily routine.\r\n\r\nNature’s Truth: Where Wellness Begins\r\n\r\nOur mission at Nature’s Truth is to meet your wellness needs with products that go above and beyond. Nature’s Truth provides supplements in various delivery forms, such as capsules, softgels, chewables, tablets, powders, liquids, and gummies to suit every preference. Our Ashwagandha Root is non-GMO and free of gluten, wheat, yeast, milk, lactose, soy, artificial color, artificial flavor, artificial sweetener, and preservatives.',25.00,10,1,0.00,'2024-08-27 20:50:55','2025-05-07 20:09:53'),(97,'MACA 525 MG','Maca root is a vegetable native to Peru where it\'s used as both a food source and for medicinal applications. Maca root has been shown to increase sexual desire, stamina and energy for improved sexual performance.',25.00,10,0,0.00,'2024-08-27 21:03:29','2025-04-08 16:50:58'),(98,'SCITEC ASHWAGANDHA 226 MG (60 CAPSULES)','Ashwagandha\r\n226 mg Ashwagandha root extract\r\n60 daily dose\r\nThe herbal ingredients have been used by mankind for a long time, for various purposes, and can be considered part of folk traditions. The importance of extracts lies in the fact that they do not focus on the whole plant, but on the extraction of its biologically active components, its concentrated active ingredients, separated from the plant fibres. To do this, different technological solutions can be used, a process called extraction.\r\n\r\nThe product is named after Withania somnifera, better known as Ashwagandha, but also known as Indian ginseng. It is a long-established plant in Ayurveda*, and its active ingredient, lactones, can be used for a variety of purposes.\r\n\r\nWe recommend Ashwagandha:\r\n\r\nFor both women and men.\r\nNot just for athletes.\r\nFor those who are looking for an easy to dose, capsule product.\r\nFor those who are looking for a product that can be taken with a complex multivitamin.\r\nDIRECTIONS\r\nTake 1 capsule daily before meals with a glass of water.\r\n\r\nWARNINGS\r\nKeep out of reach of small children! This food supplement is not a substitute for a balanced, varied diet and a healthy lifestyle! Do not exceed the recommended daily intake!\r\nThe product is not recommended for pregnant women, nursing mothers or persons under 12 years of age. Consumption of the product is not recommended in case of known underlying diseases or when taking medication.',30.00,10,0,0.00,'2024-08-27 21:11:26','2025-04-15 14:41:36'),(99,'SOLARAY CHROMIUM (100 TABLETS)','The Chromium in Solaray Chromium Picolinate is trivalent chromium which is the most desired form. Solaray Chromium Picolinate is specially formulated to provide nutritive support for assisting the body in maintaining normal, healthy insulin action and glucose utilization. Solaray Chromium Picolinate is an advanced chromium supplement. Solaray Chromium Picolinate provides 200 mcg. of Chromium per serving. Chromium is an essential trace mineral that helps the body maintain normal blood sugar levels.',25.00,10,0,0.00,'2024-08-27 21:21:30','2025-04-08 16:51:10'),(100,'APPLE CIDER SLIM (24 TABLETS)','Helps with Weight Control, increases the metabolism rate\r\nBalances Blood Sugar Levels\r\nHelps with Cholesterol Levels\r\nAntimicrobial',10.00,10,1,0.00,'2024-08-27 21:38:18','2024-08-27 21:38:18'),(101,'SCITEC WATER CUT (100 CAPSULE)','Water Cut\r\nWith vitamin C and vitamin B6\r\nWith 6 types of plant extracts\r\n400 mg of green tea extract in the daily dose\r\n40 mg of caffeine per day\r\nThe Water Cut capsule contains two vitamins and 6 types of plant extracts. Its daily dose contains significant amounts of vitamin C and vitamin B6, 1250% of the daily intake reference value for the former and 580% for the latter. Vitamin C and vitamin B6 contribute to the reduction of tiredness and fatigue and to the normal functioning of the immune system. Vitamin C, also known as ascorbic acid, also contributes to the protection of cells against oxidative stress, and vitamin B6 to the regulation of hormonal activity.\r\n\r\nIn addition to vitamins, the product\'s ingredients include green tea, artichoke, cranberry, dandelion, parsley and common juniper extracts. Most of the polyphenolic compounds found in green tea are catechins, of which EGCG (epigallocatechin gallate) is one of the best known. The daily dose of the product contains 40 mg of caffeine, part of which comes from green tea extract and another part from added anhydrous caffeine.\r\n\r\nIn addition to the phenolic compounds of green tea, the active ingredient palette of the product includes proanthocyanidin from blueberries, flavonoid compounds from dandelion and cynarin from artichoke.\r\n\r\nDIRECTIONS\r\nTake 2x2 capsules with 500 ml of water.\r\n\r\nWARNINGS\r\nStore the product out of the reach of small children! Dietary supplements do not replace a balanced, varied diet and a healthy lifestyle. Do not exceed the recommended daily consumption amount! Do not consume on an empty stomach or before going to bed! Contains caffeine (40 mg/4 capsules). Pregnant and lactating women and children under 18 cannot consume it. Not recommended in case of known underlying disease and/or medication. Not recommended for people with cardiovascular diseases, high blood pressure and caffeine sensitivity. Contains 30 mg/serving (2 capsules) of EGCG [(-)-epigallocatechin-3-gallate]. It cannot be consumed on the same day as other products containing green tea. The daily consumption of EGCG should not reach or exceed 800 mg per day.\r\n\r\nSTORAGE\r\nStore tightly closed in a cool, dry place.',30.00,12,0,0.00,'2024-08-27 22:06:07','2025-03-04 15:14:41'),(102,'ANIMAL CUT (42 PACKS)','An award-winning supplement, Animal Cuts includes potent thermogenic fat burners that can help boost the body’s natural ability to burn stored body fat while promoting lean mass.\r\nIncludes 8 Research-Backed Complexes for Fat Loss and Cutting\r\n\r\nThermogenic and Metabolic Complexes\r\n\r\nBurn excess fat thermogenically and boost metabolism naturally\r\n\r\nNootropic and Cortisol - Inhibiting Complexes\r\n\r\nBrain boosters for better focus and increased alertness plus reduced stress with patented SerinAid\r\n\r\nDiuretic and Thyroid Support and Complexes\r\n\r\nCut fat and shed excess water weight without losing pump or muscle size naturally\r\n\r\nAppetite Suppressant and Bioavailability Complexes\r\n\r\nSuppresses appetite with CCK boosters plus a delivery system including patented Bioperine',45.00,12,1,0.00,'2024-08-27 22:11:18','2025-03-24 17:45:37'),(103,'LIPO 6 BLACK (60 BLACK-CAPS)','If you’re ready to take your weight loss to the next level - then LIPO-6 BLACK UC has your back. Designed as a potent fat-destroying formula - LIPO-6 BLACK UC harnesses the power of metabolism-boosting ingredients to help you shed those extra pounds. By converting stored fat into energy - this supplement ensures you have the stamina to power through your workouts while simultaneously burning calories. Utilizing cutting-edge liquid-cap technology - LIPO-6 BLACK UC guarantees rapid absorption of its powerful components so you can see rapid results. However, LIPO-6 BLACK UC goes beyond just fat burning as it helps curb food cravings - preventing overeating so you stay on track with your diet. See the power of LIPO-6 BLACK UC',20.00,12,1,0.00,'2024-08-27 22:23:31','2025-04-21 18:59:13'),(104,'LIPO 6 BLACK INTENSE (60 BLACK-CAPS)','Ignite your fat loss with the EXTREME fat burner - LIPO-6 INTENSE UC. This powerhouse product is designed for those who are serious about conquering stubborn fat. LIPO-6 INTENSE UC is an ultra-concentrated formula that delivers a surge of intense thermogenic heat that reignites your metabolism. Experience an intense boost in energy and focus - allowing you to blast through even the most brutal of workout sessions. Take your fat burning to the extreme',25.00,12,1,0.00,'2024-08-27 22:27:59','2025-05-22 17:03:02'),(105,'LIPO 6 HARDCORE  (60 BLACK-CAPS)','LIPO-6 HARDCORE is a powerful thermogenic formula designed to help you lose fat while preserving muscle. It works by turning your body into a fat-burning furnace - so you can utilize it for energy while you\'re trying to get lean. Each pill offers an energy surge and enhanced appetite control - making it easier to stick to your diet. LIPO-6 HARDCORE is labeled as such for a reason - its potency is unmatched - so keeping to the recommended dosage is a must. If you’re looking to get in shape and lose fat without losing muscle',25.00,12,1,0.00,'2024-08-27 22:31:03','2024-08-27 22:31:03'),(106,'TURBO RIPPER (100 CAPSULES)','Description\r\nTURBO RIPPER\r\nSTRONG AND SISTAINED STIMULATION!\r\nHIGH DOSES OF SUSTAINED RELEASE CAFFEINE, ACETYL L-CARNITINE, GREEN TEA, SYNEPHRINE & MORE!\r\nTURBO RIPPER gives you many of the ingredients you know and love – in significant doses! We have L-Carnitine and not just ordinary L-Carnitine, but the more complex Acetyl L-Carnitine (ALC) in a whopping dose – you probably won’t want to take Carnitine separately!\r\n\r\n \r\nNor do you have to take any of the other ingredients TURBO RIPPER provides in one single serving: Catechin rich Green Tea extract; Tyrosine that is the precursor to many important hormones and neurotransmitters; or Bitter Orange extract standardized for Synephrine. Also, TURBO RIPPER gives you a serious Caffeine jolt of 200 milligrams per serving from various sources, including the trademarked NEWCAFF microencapsulated, sustained release Caffeine! It is a new Caffeine delivery system, which releases its total Caffeine content over approximately 4 hours.\r\n\r\nDirections\r\nStart with 1-2 caps 1-2 times a day to assess stimulant tolerance! A full serving is 4 capsules a day. Cycle usage: use for 8-12 weeks, then take at least 2 weeks of. Avoid any other sources of stimulants while using! This product provides a sustained release of Caffeine for approximately 4 hours after taking! Use this product in conjunction with food as part of a healthy, balanced diet, not as a substitute for such.',35.00,12,1,0.00,'2024-08-27 22:37:58','2024-08-27 22:37:58'),(107,'L-CARNITINE+TARTRATE (120 CAPSULES)','ALLMAX introduces L-Carnitine Capsules in the form of L-Carnitine L-Tartrate (LCLT), one of the world’s most bio-available forms of L-Carnitine supplementation. L-Carnitine is essential for transporting long-chain fats into the cell (mitochondria). L-Carnitine taps into your fat supply and may provide support to burn it as fuel, resulting in increased energy. Without L-Carnitine, these fats cannot be burned for energy and are instead shunted to stored body fat.',30.00,12,1,0.00,'2024-08-27 22:49:12','2025-04-11 18:58:40'),(108,'CLA 1000','DEFINITION\r\nWant a leaner physique? CLA 1000 packs a serious punch with its super-concentrated dose of naturally occurring Conjugated Linoleic Acid. This scientifically designed supplement is the go-to choice for those looking to cultivate leanness, muscle definition, and metabolic efficiency. The transformative effects of Conjugated Linoleic Acid are backed by research - secure your bottle of CLA 1000 today.',20.00,12,1,0.00,'2024-08-27 22:55:18','2024-08-27 22:55:18'),(109,'GLUTAMINE DRIVE (60 SERVINGS)','RECOVER. REBUILD. PROTECT YOUR GAINS\r\nGlutamine is a crucial nutrient for muscle growth - comprising 60% of muscle amino acids. This vital supply diminishes due to intense training, dieting and stress - leading to muscle breakdown. Supplementing with L-Glutamine maintains optimal levels - so your muscle growth and recovery are optimized. GLUTAMINE PURE offers pure, unflavored L-Glutamine that mixes easily into any beverage. Include it during your post-workout routine to accelerate muscle repair and prime them for faster growth.',18.00,6,0,0.00,'2024-08-27 23:01:17','2025-02-10 20:42:09'),(110,'CARBO XTREME (30 SERVINGS)','Get your carbs the healthy and efficient way with our energy-boosting Carbo Xtreme. Beyond the 49  grams of total carbohydrates, this is a source of well-balanced nutrition providing 200 calories, and 1 gram of sugar. It’s easy to digest, has  delicious flavors, and a pure fuel for your muscles before, during, and after training.',35.00,13,0,0.00,'2024-08-27 23:27:03','2025-02-10 20:42:15'),(111,'ORIGIN COLLAGEN (25 SERVINGS)','Collagen is often called the body’s scaffolding.  It’s the glue that holds the body together. Collagen is the most abundant source of protein in our body, but as we grow older our body’s natural production of it declines. Enter ORIGIN COLLAGEN!',30.00,15,0,0.00,'2024-08-27 23:52:26','2025-04-15 14:44:09'),(112,'L-ARGININE 1000MG (120 CAPSULES)','THE AMINO VASODIALATOR FOR INSANE PUMPS & PERFORMANCE\r\nLet L-ARGININE 1000 unlock your performance potential with the power of enhanced blood flow. A potent amino acid - L-Arginine acts as a vasodilator - converting seamlessly into Nitric Oxide within the body. The result? Amplified blood flow - leading to better muscle pumps, optimized workouts, and a boost in overall performance. Beyond muscle pumps - this supplement plays a pivotal role in supporting male performance',20.00,6,1,0.00,'2024-08-28 00:02:31','2025-05-26 20:42:06'),(113,'L-CITRULINE (90 SERVINGS)','CORE CHAMPS L-CITRULLINE 2000MG supports vasodilation through nitric oxide production, helping to improve blood flow and muscle pumps during a workout. L-Citrulline Malate is an amino acid that works to raise both arginine and ornithine plasma levels more efficiently and for longer periods.',25.00,6,0,0.00,'2024-08-28 00:06:29','2024-09-10 22:32:45'),(114,'INNER ARMOUR CREATINE (133 SERVINGS)','Micronized Creatine Monohydrate Powder - Increase Muscle Strength & Endurance - Fast Dissolving, Flavor-Free, Vegan Fitness Supplement, Keto Friendly - 400 gr or 133 Servings',20.00,3,0,0.00,'2024-08-28 00:09:46','2025-05-26 20:40:20'),(115,'BETA ALANINE (90 MEGA CAPSULES)','Key Features\r\nPure amino acid content \r\nMega Capsules packaging\r\nBeta-alanine is a prematerial of carnosine. The boosting of the carnosine level through supplements is increasingly more popular among well-informed athletes and bodybuilders. Carnosine is found in the skeletal muscles, primarily in type II, fast-twitching muscle fibres. \r\n\r\nThe larger capsules contain 10% more active ingredients.\r\n\r\n*Compared with the predecessor of the BioTechUSA Beta-Alanine capsule.\r\n\r\nWho is Beta-Alanine powder recommended to\r\nto those who do endurance sports, to be taken prior to workout \r\nbodybuilders\r\nLike all BioTech USA products, Beta-alanine powder consists of safe and carefully selected ingredients.\r\n\r\nRecommended use\r\nTake 4 capsules daily (1 capsule every 4 hours with a large glass of water). Do not exceed the recommended dosage.\r\n\r\nINGREDIENTS: Beta alanine (84%), capsule shell [gelatine, glazing agent (shellac), colour (iron oxides and hydroxides), acidity regulator (ammoni-um hydroxide), acidity regulator (potassium hydroxide)], anti-caking agents (magnesium salts of fatty acids, silicon dioxide). Made in a plant that manufactures milk, egg, gluten, soy, crustaceans, sulphur dioxide and nuts containing foods.\r\n\r\nActive substance table\r\n\r\n(daily dose: 4 capsules, number of daily doses in the product: 22.5)',25.00,6,0,0.00,'2024-08-28 00:23:34','2025-03-24 16:15:17'),(116,'LIVEPRO BETA-ALANINE PRO (100 SERVINGS)','BETA-ALANINE PRO. Food supplement. BETA-ALANINE PRO contains the highest quality beta-alanine. Ingredients: Beta-alanine. Recommended use: Mix 3 g of powder (~ ½ scoop) with 150-200 ml of water. Drink 30 minutes before exercise. The measure included in the packet serves to facilitate portioning, but it does not guarantee precise dosing. It is advisable to use scales in order to measure out the exact amount. Warnings: Do not use if you are allergic to any of the product compounds. Do not exceed the recommended daily dose. Food supplements should not be used as a substitute for a varied diet. Do not use if pregnant or nursing. A varied and balanced diet and healthy lifestyle are recommended. If you take medications, you should consult your doctor before you consume the product. Keep out of reach of young children',25.00,6,0,0.00,'2024-08-28 00:32:21','2025-03-24 16:15:09'),(117,'DOUBLE SHAKER','Double shaker 350 ml \r\n700 ml you can drink tow types of the supplement',8.00,16,1,0.00,'2024-08-28 22:00:22','2024-08-28 22:00:22'),(118,'SPIDER SHAKER','Spider shaker 500 ml \r\n- Blender ball with wire whisk as you shake \r\n-Perfect for protein shakes, smoothies\r\n-Dual storage container holds 2 servings \r\n-Extra pill container \r\n-Detachable parts to set up as per your convenience',6.00,16,1,0.00,'2024-08-28 22:14:46','2024-08-28 22:14:46'),(119,'REGULAR SHAKER','Regular shaker 600 ml \r\nNo water leaking from the bottle \r\nhigh quality shaker',4.00,16,1,0.00,'2024-08-28 22:38:16','2024-08-28 22:38:16'),(120,'BEAST REGULAR SHAKER','Regular shaker 600 ml \r\nNo water leaking from the bottle \r\nhigh quality shaker',5.00,16,1,0.00,'2024-08-28 22:46:36','2024-08-28 22:46:36'),(122,'REGULAR SHAKER','Regular shaker 600 ml \r\nNo water leaking from the bottle \r\nhigh quality shaker',4.00,16,1,0.00,'2024-08-28 23:08:52','2024-08-28 23:08:52'),(123,'REGULAR SHAKER','Regular shaker 600 ml \r\nNo water leaking from the bottle \r\nhigh quality shaker',4.00,16,1,0.00,'2024-08-28 23:10:39','2024-08-28 23:10:39'),(124,'PORTECLE','Protein Powder Container with Funnel - The Portable Protein Powder Container with Funnel & Belt Key Chain for Easy Carrying -100ml',5.00,16,1,0.00,'2024-08-28 23:17:55','2024-08-28 23:17:55'),(125,'MYPROTINE HOLDER SHAKER','Holder shaker \r\nyou can take 3 scoop of protein powder in side the same shaker',7.00,16,1,0.00,'2024-08-28 23:24:34','2024-08-28 23:24:34'),(131,'PLATINUM HYDROWHEY (40 SERVINGS)','30 Grams of Protein Per Serving\r\n8.8 Grams of Naturally Occurring & Added BCAAs per Serving\r\nMade with 100% Hydrolyzed Whey Protein Isolate\r\nHydrolyzed, Quick Digesting\r\nPLATINUM HYDROWHEY is the most advanced whey protein we’ve ever developed containing 100% Hydrolyzed Whey Protein Isolate. Hydrolyzed Whey Protein Isolate has much of the carbohydrates, fat and lactose ‘isolated’ out using sophisticated filtering technologies, and hydrolyzing breaks larger proteins down into smaller pieces, so ultra-pure whey isolate is able to get into your system rapidly for muscle recovery support. Finally, we dialed up this ultra-pure and rapidly digesting formula with added micronized Branched Chain Amino Acids (BCAAs).',90.00,2,1,0.00,'2024-09-02 21:44:30','2024-09-02 21:44:30'),(132,'CARNIVOR BEEF PROTEIN (56 SERVINGS)','CARNIVOR Beef Protein Isolate delivers all the muscle-building power of beef with greater amino acid levels than other protein sources used in supplements, including whey, soy, milk, and egg. CARNIVOR Beef Protein Isolate (BPI) is even 350% more concentrated in anabolic muscle building aminos than a prime sirloin steak! Plus, it is sugar-free, fat-free, lactose-free, and cholesterol-free! Not to mention, CARNIVOR is one of the most delicious protein shakes you’ll ever try!\r\n\r\nFACT: Nearly 70% of the global population is intolerant to lactose. Milk proteins such as whey and casein contain lactose and are poorly digested by most people, which can cause stomach distress and boating. Carnivor Beef Protein Isolate will resolve any gastric issues you are experiencing from whey and give you the quality protein you need to build muscle.',70.00,14,0,0.00,'2024-09-02 22:17:43','2025-04-15 14:41:18'),(133,'NUTREX LIQUID L-CARNITINE 3000 (31 SERVINGS)','Unlock the fat-burning power of an optimized metabolism and enhance your endurance with Liquid L-CARNITINE 3000. This formula is designed to maximize your body\'s ability to convert fat into energy using L-Carnitine – a renowned amino acid. L-Carnitine has been used by professionals for years to transform their physique - now it’s your turn. This research-backed formula is essential for those looking to take their bodies and performance to the next phase of their evolution - get your Liquid L-CARNITINE 3000 today.',25.00,12,0,0.00,'2024-09-02 22:28:24','2025-05-22 17:03:35'),(134,'CLA + Carnitine - Non-Stimulant Weight Loss Supplement','BURN. ENERGY. STIM-FREE.\r\nCLA+Carnitine is our solution to the fat burning market. Instead of loading you up with caffeine we use a science based thermogenic approach. Conjugated Linoleic Acid, or CLA, is a naturally occurring, healthy, omega-6 fatty acid that is found in some food. We cannot produce CLA on our own so supplementation can become necessary to get an efficacious dose. CLA has been shown in studies to stimulate fat loss and help the body convert fat to energy.\r\n\r\nCarnitine is an amino acid that is crucial to our functioning bodies. Carnitine is shown to help the body transport fatty acids to our cells to be used as energy. \r\n\r\nTogether CLA+Carnitine is a powerhouse in the fat burner space. Formulated to help you reach your goals, faster!\r\n\r\nGreat Flavors\r\nEfficacious Doses of CLA and Carnitine\r\nStim-Free',30.00,12,1,0.00,'2024-09-02 22:37:29','2024-09-02 22:37:29'),(135,'GLUTAMINE PURE (60 SERVINGS)','Glutamine is a crucial nutrient for muscle growth - comprising 60% of muscle amino acids. This vital supply diminishes due to intense training, dieting and stress - leading to muscle breakdown. Supplementing with L-Glutamine maintains optimal levels - so your muscle growth and recovery are optimized. GLUTAMINE PURE offers pure, unflavored L-Glutamine that mixes easily into any beverage. Include it during your post-workout routine to accelerate muscle repair and prime them for faster growth. Get your supply of GLUTAMINE PURE today.',20.00,6,0,0.00,'2024-09-02 22:51:46','2025-02-10 20:43:37'),(136,'MEN\'S MULTI (90 TABLETS)','We created Men\'s Multi Active Lifestyle to support the needs of highly active men. With over 50 ingredients, 24 vitamins and minerals, and a host of supporting compounds, this daily goes way beyond your typical grocery store multi.\r\nMen\'s Multi Active Lifestyle supplies all the basics plus digestive enzymes, amino acids, herbal extracts, a carotenoid complex, and phytonutrient-rich fruit concentrates. This is one powerful nutrient complex.\r\n \r\n\r\n50 active ingredients \r\n24 vitamins and essential minerals\r\n37.5mcg vitamin D3\r\n275mg+ B-complex vitamins\r\nAmino acids, enzymes, antioxidants, and phytonutrients\r\n \r\n\r\nZERO Calories\r\nZERO Sugars\r\nZERO Non-Functional Filler Ingredients',30.00,11,1,0.00,'2024-09-02 22:59:56','2025-05-26 20:44:00'),(137,'WOMEN\'S MULTI (60 TABLETS)','Our Women\'s Multi Active Lifestyle supports the needs of highly active women. With over 40 ingredients, antioxidants A, C, and E, high-potency iron, plus a host of supporting compounds, this daily goes way beyond your typical grocery store multi.\r\nWomen\'s Multi Active Lifestyle supplies all the basics plus herbal extracts, a carotenoid complex, and phytonutrient-rich fruit and vegetable concentrates. This is one powerful nutrient complex.^\r\n\r\n \r\n\r\n40+ active ingredients\r\n25 vitamins and minerals\r\nIron, folate, calcium, and cranberry\r\nAntioxidant vitamins A, C, and E\r\n200% daily value vitamin D3†\r\nSuperfoods, herb extracts, isoflavones, and phytonutrients\r\n \r\n\r\nZERO Calories\r\nZERO Sugars\r\nZERO Banned Substances',25.00,11,0,0.00,'2024-09-02 23:09:54','2025-02-10 20:43:45'),(138,'COLLAGEN PEPTIDES (20 SERVINGS)','Our latest Collagen Peptides formula combines hydrolyzed collagen sources with hyaluronic acid and vitamin C to help support healthy skin, hair, nails, and joints.\r\nClean Formulation\r\nOur Collagen Peptides are free of dairy, gluten, and added sugars, which makes them suitable for a wide variety of eating plans. \r\n\r\n \r\n\r\n10g collagen\r\n80mg Hyaluronic Acid\r\n100% Daily Value for Vitamin C\r\nSweetened with stevia (flavored varieties only)\r\nInstantized for easy mixing \r\n \r\n\r\nAvailable in easy-to-drink flavored and add-to-anything unflavored varieties, Collagen Peptides mix easily into your favorite hot or cold liquids.',30.00,15,1,0.00,'2024-09-02 23:33:44','2025-03-26 16:27:24'),(139,'Blade Sport, Blade Whey Plus (56 SERVINGS)','BLADE WHEY PLUS is made of the best sources ultra filtered whey protein concentrate and Casein to provide a multi-stage system that is designed to effectively nourish your muscles and maintain anabolism.\r\nWhey protein & Casein\r\n30g Protein & 4g BCAA per Serving\r\n4g Creatine per Serving\r\nGreat Mixability\r\nDelicious Taste\r\nBLADE WHEY PLUS is made of the best sources ultra filtered whey protein concentrate and Casein to provide a multi-stage system that is designed to effectively nourish your muscles and maintain anabolism. Each serving of BLADE WHEY PLUS contains 30 grams of protein and 4 grams of BCAA and 4g of Creatine, which are necessary for everybody who want to support quality muscle mass growth.\r\n\r\nBLADE WHEY PLUS complete protein formula has been designed for competitive bodybuilders, athletes and those carrying heavy physical work looking to build muscle in the shortest time possible. If you want to experience what the highest-quality protein powder has to offer, BLADE WHEY PLUS is the best choice.\r\n\r\nDIRECTIONS\r\nMix 1 scoop into 350ml of water. Can be taken anytime, before or after gym, day or night.\r\n\r\nIngredients\r\nProtein matrix (whey protein concentrate, milk protein concentrate, micellar casein concentrate), glutamine complex (glutamine peptide), L-glutamine, creatine monohydrate, cocoa powder, thickener (cellulose gum), flavor, emulsifier (soy lecithin), sweeteners: acesulfame K, sucralose, salt.',60.00,1,0,0.00,'2024-09-03 20:54:33','2025-04-10 18:41:49'),(140,'Pro-Antium Multifaceted Protein (52 servings)','Pro antrum is a multifaceted protein blend intended for complete recovery. This multifunctional blend contains a precise combination of fast, medium, and slow-digesting proteins for optimal recovery providing you with a continuous stream of protein long after your workout is complete. Each serving also contains 13.5g of essential amino acids as well as 3.5g of branched-chain amino acids. Pro antium doesn’t just stop at the protein blend. We have also added 5g of creatine and 2.5g of betaine which has been scientifically suggested to support strength, power, and athletic performance. Betaine increases the efficiency rate at which the body absorbs protein, creatine, and amino acids into muscle cells by supporting the body’s ability to break them down.\r\n\r\nBenefits\r\nProvides increased strength\r\nRebuild and recover muscles fast\r\nEnhances athletic performance\r\n5 grams of Creatine and 2.5 grams of Betaine together provides an environment for complete muscle growth and recovery\r\nProvides much-needed support for muscle recovery and excellent workout performance\r\nIngredients\r\nProtein Complex (Whey Protein Concentrate, Milk Protein Isolate, Calcium Caseinate, Whey Protein Isolate, Micellar Casein, Egg White Albumin), Creatine Monohydrate, Cocoa Powder, Betaine Anhydrous, Cookie Crumbs (Enriched Flour (Wheat Four, Niacin, Reduced Iron, Thiamine Mononitrate, Riboflavin, Folic Acid), Sugar, Cocoa processed with Alkali, Soybean and/or Palm Oils, High Fructose Corn Syrup, Chocolate Liquor, Salt, Com Flour, Dextrose, Sodium Bicarbonate, Soy Lecithin), Natural and Artificial Flavors,Maltodextrin, Gum Blend (Cellulose, Xanthan, Carrageenan), Caramel Powder (color), Sucralose, Flour Salt, Acesulfame Potassium, Creamer (Sunflower Oil, Maltodextrin, Sodium Caseinate, Mono and Diglycerides, Natural Tocopherols, Tricalcium Phosphate), Enzyme Blend (Protease, Amylase & Lactase), Soy Lecithin.',60.00,1,1,0.00,'2024-09-03 21:02:59','2024-09-03 21:02:59'),(141,'BLADE SPORT WHEY (75 SERVINGS)','76% Whey Protein Concentrate\r\n12% Whey Protein Isolate\r\n22g Protein & 4.5g BCAA per Serving\r\nGreat Mixability\r\nDelicious Taste\r\nBLADE WHEY is 100% pure whey protein with a high biological value, which uses only the most premium macronutrient sources. This innovative formula is made of the best sources ultrafiltered whey protein concentrate and whey protein isolate to provide a multi-stage system that is designed to effectively nourish your muscles and maintain anabolism. Each serving of BLADE WHEY contains 22 grams of protein and 4.5 grams of BCAA, which are necessary for everybody who want to support quality muscle mass growth.',60.00,1,0,0.00,'2024-09-03 21:24:04','2025-04-05 14:39:04'),(142,'T.A.G (40 SERVINGS)','T.A.G. or Trans Alanyl Glutamine, is the only true Muscle-Targeted Glutamine. Due to its unique di-peptide bond, T.A.G. creates a jacket to protect glutamine all the way through to the muscle. T.A.G. is an ideal solution for muscle repair, reducing muscle tissue degradation, and enhancing recovery.\r\n\r\nGlutamine has been a staple for athletes and fitness enthusiasts for benefits to muscle recovery and glutamine’s impact on the body’s immune system as a whole. While glutamine has many advantages to helping improve performance and health, it is often under-utilized in supplement programs due to poor absorption kinetics. However, T.A.G. has been scientifically engineered to deliver the full dose of glutamine necessary due to its unique bonding with alanine. Enhanced absorption means real results, and with enhanced recovery, you can go longer and stronger than ever before.',35.00,6,0,0.00,'2024-09-03 21:36:58','2025-05-19 15:13:51'),(155,'SUPPLEMENT STATION PROTEIN BAR (RED VELVET)','Each box contain 12 protein bar \r\nProtein bar only for 22$\r\nCalories 230\r\nlow fat, low sugar and carbs \r\n18g protein \r\nYou can take it as a Breakfast, post-workout and as a snack',2.00,19,1,0.00,'2024-09-07 23:47:42','2024-09-07 23:47:42'),(156,'SUPPLEMENT STATION PROTEIN BAR (COFFEE)','Each box contain 12 protein bar \r\nProtein bar only for 22$\r\nCalories 210\r\nlow fat, low sugar and carbs \r\n15g protein \r\nYou can take it as a Breakfast, post-workout and as a snack',2.00,19,1,0.00,'2024-09-07 23:53:38','2024-09-07 23:53:38'),(157,'SUPPLEMENT STATION PROTEIN BAR (CHOCOLETE BORWNIES)','Each box contain 12 protein bar \r\nProtein bar only for 22$\r\nCalories 240\r\nlow fat, low sugar and carbs \r\n18g protein \r\nYou can take it as a Breakfast, post-workout and as a snack',2.00,19,1,0.00,'2024-09-07 23:58:38','2024-09-07 23:58:38'),(158,'SUPPLEMENT STATION PROTEIN BAR (CARAMELIZED BISCUITS)','Each box contain 12 protein bar \r\nProtein bar only for 22$\r\nCalories 230\r\nlow fat, low sugar and carbs \r\n18g protein \r\nYou can take it as a Breakfast, post-workout and as a snack',2.00,19,1,0.00,'2024-09-08 00:06:02','2024-09-08 00:06:02'),(159,'SUPPLEMENT STATION PROTEIN BAR (PEANUT BUTTER)','Each box contain 12 protein bar \r\nProtein bar only for 22$\r\nCalories 250\r\nlow fat, low sugar and carbs \r\n20g protein \r\nYou can take it as a Breakfast, post-workout and as a snack',2.00,19,1,0.00,'2024-09-08 00:13:09','2024-09-08 00:13:09'),(160,'GYM GLOVES','Training Gloves are made with breathable, lightweight materials for enhanced flexibility. They have a smart hook-and-loop wrist closure to let you find the perfect fit. Designed with light padding on the palm that adds a layer of protection between you and your workout.',10.00,17,1,0.00,'2024-09-10 23:07:16','2024-09-11 18:18:58'),(161,'NITRO TECH 100% WHEY GOLD (69 servings)','24g protein \r\n5.3g bcaa\r\n4g glutamine & precursor \r\nFor more than two decades, the groundbreaking Nitro-Tech formula has taken all challengers – and is still recognized as one of the most powerful proteins ever developed.\r\nFeaturing high-quality whey protein, this ultra-pure, rapidly  absorbed and quickly digested protein is scientifically engineered to support fast recovery, help you build more lean muscle mass and give you better results from your training sessions.',65.00,1,0,0.00,'2024-09-10 23:33:29','2025-02-10 20:44:58'),(162,'RULE 1 CITRULLINE (60 SERVINGS)','3g citrulline \r\nCitrulline contributes to nitric oxide synthesis which supports muscle pumps and training performance making this amino acid a popular foundational staple for any serious lifter .\r\nPump and Endurance Support\r\nIn addition to levels synthesized by the body, citrulline can be supplemented to help support muscle pumps and endurance. Made with pure l-citrulline, our foundation series powder contains no flavors, sweeteners, or fillers. Each scoop mixes readily into all your favorite beverages and workout supplements for convenient supplement enhancement.',25.00,6,0,0.00,'2024-09-10 23:44:46','2025-02-10 20:45:14'),(163,'ZINC 50MG (100 TABLETS)','Zinc is essential to the normal function of many organs and systems within the body including the skeletal, immune, neurological, and endocrine systems. Zinc is a necessary mineral co-factor for hundreds of enzymatic reactions related to protein and carbohydrate metabolism, RNA/DNA synthesis, and intercellular signaling. It is also known to play a critical role in the body’s free radical neutralizing activities and is especially helpful for maintenance of healthy aging.',15.00,11,0,0.00,'2024-09-11 00:16:26','2025-02-10 20:45:26'),(164,'UNIVERSAL CARBO PLUS (55 SERVINGS)','Engineered for endurance and strength athletes alike, Carbo Plus™ fuels your body with pure complex carbohydrates without any added simple sugars, sweeteners, preservatives, fillers, or artificial flavors. Carbo Plus can function as an important source of energy for your working muscles during strenuous exercise. By training with Carbo Plus™, you can maximize the replenishment of glycogen in your muscle and liver. This translates into enhanced performance, faster muscle recovery, and higher endurance levels.\r\nSlowly blend 1 scoop of Carbo Plus into 8-10oz of your beverage of choice. For best results, use at least twice daily and consume 1 serving within 2 hours of exercise.',25.00,13,1,0.00,'2024-09-11 01:02:55','2024-09-11 01:02:55'),(165,'THUNDER GAIN (16 SERVINGS)','For serious athletes and bodybuilders, there’s a right way and a wrong way to gain weight. Thunder Gain weight gainer product will help you put on pounds in a healthy, efficient, and delicious way. Thunder.\r\nThunder Gain contains pure whey protein concentrate and packs a punch with 1,250 calories per 334-gram serving. You’ll also get 50 full grams of protein and essential nutrients with each dose, including calcium, iron, and potassium.\r\n\r\nWe’ve designed this weight gainer for hardcore individuals looking to increase size and build strength faster. This high-calorie protein plus carbohydrate powder maximizes muscle mass while supplying energy to support muscle building. It also mixes well, is easy to digest, and has a delicious flavors taste.\r\n\r\nTrue challengers don’t accept anything less than the best. Thunder Gain is a great weight gainer available today for developing your physique to the fullest.',55.00,4,1,0.00,'2024-09-11 01:07:19','2025-04-02 17:45:43'),(167,'Gym Belts','Weight Lifting Belts are ergonomically designed to provide Firm & Comfortable Lumbar Support during any kind of Strength Training.\r\n\r\nReduce spinal flexion creating safer biomechanics when lifting and provides superior back and abdominal support and is hand washable with Air Dry.\r\nBelt is ergonomically designed to fit the natural shape of the body while stabilizing the core muscles\r\nThis durable and comfortable weight lifting belt is a must-have for any athlete serious about their fitness.\r\nProfessional design: NOT only is our contoured work out belt light, durable, & strong, there are no predetermined holes limiting your adjustability.\r\nPerfect for weight training - Whether you Do Cross fit, powerlifting, Olympic lifting or just a weekend warrior weight training newbie, you can rest assured\r\nCoactive quality promise - this belt was designed with the quality you are looking for',20.00,17,1,0.00,'2024-09-11 17:47:48','2024-09-11 18:20:25'),(168,'wrist wrap','Thanks to the thumb insert, these wrist straps are easy to put on and keep your wrist joint aligned during weight lifting exercises.\r\n\r\nWith their short strap and rip-tab closure, these wrist straps prevent abnormal tension and twisting of the joint during dumbbell, barbell, or kettlebell exercises',5.00,17,1,0.00,'2024-09-11 18:03:55','2024-09-11 18:21:35'),(169,'Lifting straps','This lifting straps provide excellent grip, relieving pressure on your hands and forearms and thus helping you improve the execution of your lifting exercises.\r\n\r\nThese straps are easy to store and essential to your strength training or body building workouts',5.00,17,1,0.00,'2024-09-11 18:10:47','2024-09-11 18:15:11'),(170,'EAA ZERO 350 g','FLAVOURED DIETARY SUPPLEMENT DRINK POWDER WITH ESSENTIAL AMINO ACIDS, L-GLUTAMINE AND SWEETENERS.\r\n7160mg essential amino acid content\r\nIt is the essential amino acid ratio recommended by the WHO\r\nClose to 1:1 ratio of glutamine and BCAA\r\nSugar-free\r\nGluten-free\r\nIt refers to ready shakes mixed with water.\r\nThe ratio of the different essential amino acids in the product follows the recommendation of the World Health Organization (WHO). (Protein and Amino Acid Requirements in Human Nutrition – Report from the Joint FAO/WHO/UNU Expert Consultation.)\r\n\r\nEssential amino acids, as the name implies, are indispensable for the human body since it either cannot produce them at all or it can produce them only in quantities that are insufficient. That is why it is particularly important to ensure their intake from external sources, preferably in optimal quantities and in the right proportions.\r\n\r\nAs with all BioTechUSA products, EAA Zero was also developed to have the best composition. Therefore, EAA Zero contains all the essential amino acids in optimal proportion as set out by the World Health Organization.\r\n\r\nDuring the renewal of EAA Zero we didn’t only seek to get the proportions right, but we also aimed at creating a complex product. As a result, the product now contains all the essential amino acids and by adding glutamine we further increased the quantity of amino acids required for muscle building.\r\n\r\nEAA Zero provides a special amino acid combination that you can drink without guilt even if you are on a diet, because the product is sugar-free. Drink it in refreshing lemon and blue grape flavours before or even during an exhaustive workout session.',30.00,8,1,0.00,'2024-09-14 20:26:17','2024-09-14 20:26:17'),(171,'100% CREATINE Monohydrate (88 SERVINGS)','100% Creatine Monohydrate is made from pure powdered creatine monohydrate. Due to the tasteless powder form, it can be easily mixed with other food supplements, e.g. weight gainers or protein-based beverage powders.\r\nPure & Powdered Performance\r\n\r\nCreatine increases your performance in a successive burst of short-term, high-intensity exercises. The beneficial effect is obtained with a daily intake of 3 g of creatine. 100% Creatine Monohydrate is prepared with pure, pharmaceutical-grade creatine in powdered form. It’s flavorless so it’s easy to mix with other supplements like weight gainers and protein shakes. Like all BioTech USA products, 100% Creatine Monohydrate is a safe, carefully selected nutrient.',25.00,3,0,0.00,'2024-09-14 20:37:06','2025-05-26 20:40:28'),(172,'ASHWAGANDHA (60 capsules)','Ashwagandha is a plant from Southeast Asia that is used as an ancient adaptogen. Although it is not a member of the ginseng family but that of the potato family, it is often referred to as Indian ginseng because it is used in the Ayurvedic medicine in the same way as ginseng in the Chinese medicine. Often we can also come across the name dream berry. The roots and leaves of the plant are most often used in dried and ground form in everyday life, even in shakes, mixed with different pasty foods.',16.00,10,1,0.00,'2024-09-14 20:47:43','2024-09-14 20:47:43'),(173,'MILK THISTLE (60 CAPSULES)','Milk Thistle’s active substance has been used as an herbal remedy for a long time. Dietary supplements with milk thistle are popular among elderly, athletes and everybody leading a healthy lifestyle.\r\nmilk thistle extract\r\nMilk Thistle (Sylibum marianum) related to the group of thistles and to the daisy and ragweed family. It is native to the Mediterranean countries, to North-Africa and to Near East. It has many common names such as Mary thistle or holy thistle. Its growth is the achenium and its active substance silymarin is extracted from this. Milk Thistle’s active substance has been used as an herbal remedy for a long time. Dietary supplements with milk thistle are popular among elderly, athletes and everybody leading a healthy lifestyle.\r\n\r\nBenefits\r\nNatural plant extract\r\n210 mg silymarin content per capsule\r\nEconomic packaging size for two months\r\nDirections of use\r\nTake 1 capsule a day with a glass of water.',15.00,10,0,0.00,'2024-09-14 20:52:48','2025-05-22 17:01:14'),(174,'ISO WHEY ZERO 500G','Premium whey protein isolate drink powder, with reduced lactose content, sugar1 and gluten-free2, with added BCAA and glutamine amino acids, sugars, and sweetener.',35.00,2,0,0.00,'2024-09-14 21:01:57','2025-03-08 15:45:06'),(175,'ISO WHEY ZERO 908G','Premium whey protein isolate drink powder, with reduced lactose content, sugar1 and gluten-free2, with added BCAA and glutamine amino acids, sugars, and sweetener. \r\nNative Whey Isolate basic ingredient\r\nOutstanding protein content\r\nWith added amino acids: L-glutamine and BCAA\r\nFast and easy absorption\r\nFree of sugar*, lactose* and gluten\r\nNo preservatives\r\nAspartame-free\r\nIn case of powder supplements, the statement applies to products dissolved in water and ready to consume.\r\n\r\nOur Native Whey Isolate is produced directly from fresh milk by pasteurisation followed by micro and ultra filtration at low temperatures, and then pulverisation in a special drying chamber. Due to this unique procedure, the protein structure is preserved in its fullest form and it also remains rich in immunoglobulin (antibody) and lactoferrin (part of your immune system). Also, the raw material is free from chemicals and any other contaminants.\r\nZERO COMPROMISE\r\n\r\nDue to its outstanding protein content, it’s a perfect choice for active athletes who make all efforts for a lean body, but it is also a great alternative for those on a diet.\r\n1 Per serving (25 g):\r\n\r\n93 kcal\r\n21 g protein\r\nof which 4.5 g BCAA',50.00,2,1,0.00,'2024-09-14 21:11:24','2025-03-08 15:45:33'),(176,'CARBOX (20 SERVINGS)','Carbox is a drink powder containing a carbohydrate complex. It combines five forms of slow, moderate and fast absorbing carbohydrates. It contains maltodextrin, dextrose, saccharose, fructose and corn starch. These sugars have different glycemic indexes, that is, they affect blood sugar levels to different extents. Due to their varied absorption rates, some of them supply your body with carbs quickly, whereas the others for prolonged periods.\r\nBenefits\r\n increases energy after training\r\n contains 5 types of carbohydrates\r\n gluten-free\r\n replenishes glycogen stores\r\nCarbox also makes a great companion during post-workout recovery. The carbs it contains contribute to the recovery of normal muscle function (contraction) after high-intensity and/or prolonged physical exercise which leads to muscle exhaustion and the depletion of the glycogen stores of core muscles\r\n\r\nDirections of use\r\nMix 1 serving (50 g = 3 heaped tablespoons) with 300 ml water, or, in the case of unflavoured Carbox, with any liquid of your choice. Consume 1 serving before and during workout or competition.',16.00,13,1,0.00,'2024-09-14 21:16:35','2024-09-14 21:16:35'),(177,'PROTEIN POWER (33 SERVINGS)','BioTechUSA Protein Power is prepared with high quality soy and milk proteins, and delivers a whole range of BCAAs, L-Glutamine and other essential and non-essential amino acids.\r\n80% Protein content\r\nSugar-free\r\nFat-free\r\nGluten-free\r\nLactose-free\r\n1,500 mg Creatine per serving\r\nExcellent price-to-value ratio\r\nBioTech USA Protein Power is a great protein powder for dedicated athletes looking for high protein content. Like all BioTech USA products, Protein Power consists of safe and carefully selected nutrients. Prepared with high quality milk and soy proteins, Protein Power delivers a whole range of BCAAs, L-Glutamine and other essential and non-essential amino acids. It ensures a long lasting anabolic and anti-catabolic environment in your body witch is optimal for extreme muscle building. Its protein content contributes to the growth and maintenance of the muscle mass. The product also contains added creatine.\r\n\r\nProtein Power is a quite popular product of Biotech USA since it is the best value for your money on the protein market today.\r\n\r\nDIRECTIONS\r\nMix 1 serving (30 g) with 300 ml water and drink 1-2 times a day. Use a shaker to prepare your drink. Drink one serving within 45 minutes after workout, and another one between two meals. On rest days, drink 1 serving in the morning and 1 serving in the evening.\r\n\r\nINGREDIENTS (Chocolate):\r\nProtein Blend 71% [soy protein isolate, whey protein concentrate, calcium caseinate (contains milk)], fat-reduced cocoa powder, flavour enhancer (glycine and its sodium salt), micronized creatine monohydrate 5%, flavourings, anti-caking agent (magnesium salts of fatty acids, silicon dioxide), salt, emulsifier: lecithins (soy), sweeteners (sucralose, acesulfame K), thickener (cellulose gum).',33.00,1,0,0.00,'2024-09-14 21:23:35','2025-05-06 17:01:52'),(178,'VEGAN PROTEIN','Bulking up with the power of plant-based protein sources\r\nPackaging made with reduced amount of plastic.\r\nVegan protein complex (rice and peas)\r\nWith added amino acids: L-glutamine and L-arginine\r\nSugar- and lactose-free*\r\nGluten-free\r\nNo preservatives\r\nNo artificial colour\r\nNon-GMO\r\nAspartame-free\r\nWith 3 types of superfoods\r\n88 mg caffeine per serving\r\nIt refers to ready shakes mixed with water.',30.00,20,0,0.00,'2024-09-14 21:36:18','2025-02-26 17:04:50'),(179,'BIOTECH BEEF PROTEIN (60 SERVINGS)','BioTechUSA Hydrolyzed Beef Protein is one of the best protein sources from bovine meat without lactose, sugar or gluten!\r\n26 g Beef Protein Blend – Protein complex that contains only beef protein hydrolysate with added L-glutamine and L-arginine amino acids\r\n4.5 g BCAA, 10 g essential amino acid, 8 g conditionally essential amino acid\r\nLow fat and carbohydrate content\r\nWith added vitamin complex, including metabolism normalising vitamins B3, B6 and B12\r\nWithout added creatine\r\nIdeal for Paleo diet\r\nSugar-free, Gluten-free, Lactose-free\r\nHydrolyzed protein provided by bovine meat, one of the best protein sources that can be found, without Lactose, Sugar Or Gluten!\r\n\r\nHydroBeef™ is a peptide formula gained from European beef through multistep hydrolysis, containing a special blend of amino acids and pre-digested peptides of various molecular sizes.\r\n\r\nHydroBeef™ is a protein source which is easier to digest than low-fat beef (e. g. steak), absorbs within 60 minutes and has a high protein and nitrogen value (100). The brand new lactose and soy-free BioTechUSA Beef Protein is based on this cholesterol-free protein source of over 97% purity.\r\n\r\nIts protein content contributes to muscle mass growth and maintenance. The natural vitamin and mineral content improves the absorption of nutrients, of which vitamin B6 contributes to normal protein and glycogen metabolism as well as reducing tiredness and fatigue. It is an excellent supplement to a Paleo diet.\r\n\r\nDuring the elaboration process of Beef Protein, no chemicals are ever used. In the production process the microfiltration and hydrolysis technique is used, to produce a truly pure product with a high peptide arrangement. This way, all the essential nutrients will be kept intact, both peptides, amino acids, nucleotide fractions, and vitamins & minerals.\r\n\r\nIn addition, it offers an optimum digestion, solubility and absorption due to the carefully monitorised process of elaboration.\r\n\r\nLike all BioTech USA products, Beef Protein consists of safe and carefully selected ingredients.\r\n\r\nWe recommend Beef Protein:\r\n\r\nAs an excellent protein source for anyone, it contributes to the maintenance of healthy bones and muscle mass, as well as to muscle mass growth.\r\nAs a protein supplement to a dairy-free diet\r\nIf you keep a Paleo diet\r\nIf you are Lactose intolerant\r\nIf you are Celiac (suffer from gluten-intolerance)\r\nDirections\r\nMix 1 serving (30 g) of powder with 250 ml water or skimmed milk. Take 2 servings a day. Take the first serving within 45 minutes after workout and the other serving between meals. On non-workout days take 1 serving in the morning.',80.00,14,0,0.00,'2024-09-14 22:08:03','2025-05-30 15:22:01'),(180,'ISO WHEY ZERO 2270G (90 SERVINGS)','Premium whey protein isolate drink powder, with reduced lactose content, sugar1 and gluten-free2, with added BCAA and glutamine amino acids, sugars, and sweetener. \r\nBiotech USA Iso Whey Zero is a premium quality sugar-free, lactose-free and gluten-free whey protein isolate with native whey isolate basic ingredient, added BCAAs and amino acids. Because of its high protein content it is an excellent choice for active sportspeople or for those who work hard for a tight and toned body, but it can help people to compile their diet.\r\n\r\nBenefits\r\n high purity premium whey isolate\r\n produced from fresh milk after pasteurisation and micro and ultra-filtering\r\n extremely fast and easy absorbability\r\n accelerates the growth of lean muscles\r\n promotes protection and maintenance of muscle mass\r\n improves recovery after hard workouts\r\n up to 84% of protein per serving\r\n low carbohydrate and fat content\r\nadded sugar, gluten and lactose FREE\r\n excellent solubility and delicious taste\r\nPERFORMANCE STARTS WITH THE BASIC INGREDIENTS!\r\nOur Native Whey Protein Isolate is produced directly from fresh milk after pasteurisation and micro and ultra-filtering at low temperature, which is afterwards pulverised in a special drying chamber. Thanks to this unique procedure the protein structure is preserved in its fullest form, and it remains rich in immunoglobulin (antibodies) and lactoferrin (which is part of the immune system).\r\n\r\nWHY DO YOU NEED TO TAKE PROTEINS?\r\nProtein is an essential building block in our bodies. It is a source of nutrition consisting of amino acids produced by the body or taken in from external sources. It helps to retain your muscles during workout, dieting or everyday life. Your need for protein increases if you regularly do sports, or if you want to grow muscle mass or when you start ageing.\r\n\r\nWHY SHOULD YOU TAKE PROTEIN SUPPLEMENTS?\r\nThe consumption of protein shakes is a fast, practical and highly effective way to ensure the right protein intake. You only need the protein powder, a shaker and some water for it.Protein powder can be made from milk, but it can be derived from animals or plants, as well a combination of these. Their absorption can be fast (30 - 40 min), medium (1 - 2 hours) or slow (longer than 2 hours).\r\n\r\nWe recommend Iso Whey Zero if you:\r\nare looking for an excellent source of protein which contributes to maintaining muscle mass and healthy bones as well as to muscle mass growth\r\nwant to use high-quality protein products for your protein needs but need to avoid lactose due to your intolerance\r\nseek a fast absorbing post-workout protein powder for recovery\r\nseek low-calorie sweets during a diet\r\nare sensitive to gluten\r\nlike nice and varied flavours',100.00,2,1,0.00,'2024-09-14 22:15:50','2024-09-14 22:15:50'),(181,'100% PURE WHEY 2270G (81 SERVINGS)','Excellent whey protein enriched with bromelain enzyme, extra amino acids, free of gluten, aspartame, preservatives and added sugar. 100% Pure Whey is suitable for athletes, as well as ordinary people, who want to accelerate muscle growth, provide the muscles with all the necessary amino acids, maximize their sports performance, ensure sufficient daily intake of high quality protein and support recovery after hard workouts.\r\nBenefits\r\n promotes lean muscle growth\r\n maximizes sports performance\r\n accelerates and improves recovery\r\n high biological value of proteins\r\n up to 75% of protein per serving\r\n low carbohydrate and fat content\r\n added extra amino acids and bromelain enzyme\r\n high BCAAs content (up to 6 g per serving)\r\n easy digestibility and rapid absorption\r\n excellent solubility and delicious taste\r\n free of gluten, aspartame, preservatives and added sugar\r\nWHY 100% PURE WHEY?\r\nIt is a high-quality protein shake with a high BV (biological value) and 75% protein content that is 100% derived from whey protein. The wide-ranging flavours of 100% Pure Whey is a combination of whey protein concentrate, whey protein isolate and added amino acids (L-glutamine, L-arginine and BCAAs). The non-flavoured version contains only whey protein concentrate, without any added sweeteners, colouring or flavouring.\r\n\r\nWe recommend 100% Pure Whey if you:\r\n\r\nwant an excellent protein source, because the protein content of the product contributes to the growth and maintenance of muscle mass as well as to healthy and normal bones\r\nare looking for quick solution to regenerate after workout\r\nare celiac\r\nprefer delicious, varied and creamy flavours\r\nWHY DO YOU NEED TO TAKE PROTEINS?\r\nProtein is an essential building block in our bodies. It is a source of nutrition consisting of amino acids produced by the body or taken in from external sources. It helps to retain your muscles during workout, dieting or everyday life. Your need for protein increases if you regularly do sports, or if you want to grow muscle mass or when you start ageing.\r\n\r\nWHY SHOULD YOU TAKE PROTEIN SUPPLEMENTS?\r\nThe consumption of protein shakes is a fast, practical and highly effective way to ensure the right protein intake. You only need the protein powder, a shaker and some water or milk for it. Protein powder is easy to digest and contrary to large amounts of meat consumption, it doesn’t cause acidity. Protein powder can be made from milk, but it can be derived from animals or plants, as well a combination of these. Their absorption can be fast (30 - 40 min), medium (1 - 2 hours) or slow (longer than 2 hours).\r\n\r\nDirections of use\r\nMix 1 serving (28 g = 1 scoop = 2 tablespoons) of powder with 250 ml water or skimmed milk. Take 2 servings daily. Take the first serving within 45 minutes after workout and the other serving between meals. Use a shaker!',80.00,1,1,0.00,'2024-09-14 22:22:57','2025-05-06 17:02:00'),(182,'EAA+ HYDRATION (30 SERVINGS)','Elevate your performance, maximize recovery and refuel with EAA+ Hydration, the ultimate fusion of essential amino acids and advanced hydration. Unleash your potential with 8g of all 9 EAAs and 6g of BCAAs in a proven 2:1:1 ratio, supercharging muscle recovery, growth, and electrolyte balance. Power through your toughest workouts, redefine limits, and become unstoppable. This is more than EAAs – it’s total recovery, hydration and relentless fuel for your journey to excellence. Elevate with EAA+ Hydration now.',25.00,8,1,0.00,'2024-09-14 22:41:56','2025-04-22 15:16:40'),(183,'100% L-GLITAMINE 240G (48 SERVINGS)','Ready to work out? To train every single muscle-cell of your body intensively? The good news is that 100% L-Glutamine is 100% ready as well to be taken right before and after your workout, providing 5000 mg L-Glutamine each time. Like all BioTech USA products, 100% L-Glutamine is a safe, carefully selected nutrient.\r\nBenefits\r\nup to 5 g of pure glutamine per serving\r\nDirections of use\r\nTake one scoop (5 g) before and one scoop after your workout.',22.00,6,0,0.00,'2024-09-15 00:26:51','2025-05-08 20:21:54'),(184,'Whey+cla+creatine+bcaa','Whey 50 servings \r\nCla 90 tab\r\nCreatine monohydrate 60 servings \r\nBcaa 45 servings',95.00,5,1,0.00,'2024-09-19 19:11:23','2025-03-13 20:45:19'),(185,'Nitro+creatine+bcaa+shaker','Nitro  30g protein 3g creatine 6.6g bcaa\r\nCreatine monohydrate 60 servings \r\nBcaa 30 servings \r\nShaker supplement station 700ml',84.00,5,1,0.00,'2024-09-19 19:15:07','2024-09-19 19:15:07'),(186,'Gold starnder+bcaa+creatine+shaker','Whey gold standard 75 servings 24g protein 5.5g bcaa\r\nCreatine monohydrate 60 servings \r\nBcaa 30 servings \r\nShaker supplement station 700ml',105.00,5,1,0.00,'2024-09-19 19:19:36','2024-09-19 19:19:36'),(187,'Nitro gold+l-carnitine+creatine+shaker','Nitro Whey gold 69 servings 24g protein 5.5g bcaa 4g glutamine \r\nCreatine monohydrate 60 servings \r\nL-carnitine\r\nShaker supplement station 700ml',99.00,5,1,0.00,'2024-09-19 19:22:04','2024-09-19 19:22:04'),(188,'2* Nitrotech wheygold+shaker','Nitro Whey gold 69 servings 24g protein 5.5g bcaa 4g glutamine \r\nShaker supplement station 700ml',124.00,5,0,0.00,'2024-09-19 19:23:17','2025-04-19 20:21:02'),(189,'2* wheygold standar +shaker','Whey gold standar 74 servings 24g protein 5.5g bcaa 4g glutamine \r\nShaker supplement station 700ml',150.00,5,0,0.00,'2024-09-19 19:24:30','2025-04-19 20:21:29'),(190,'2* ISO100','ISO100 \r\n71 servings \r\n25g isolated whey protein\r\n5.5g bcaa \r\n0g added sugar \r\n0g fats \r\n2.6g leucine\r\n12g EAA\r\n(120 calories per serving)',180.00,5,1,0.00,'2024-09-19 19:28:30','2024-09-19 19:34:38'),(191,'2* whey hd','ISO100 \r\n50 servings\r\n 25gwhey protein\r\n5.5g bcaa \r\nLow fat low sugar',90.00,5,1,0.00,'2024-09-19 19:30:26','2024-09-19 19:30:26'),(192,'2* Serious Mass','5.4kg \r\n1260 calories \r\n50g protein \r\n253 carbs',150.00,5,0,0.00,'2024-09-19 19:32:05','2025-04-19 20:21:43'),(193,'NUTRITECH AMINO BOOST 2.0','NutriTech Amino Boost 2.0 is a dietary supplement designed to support muscle recovery and growth. Packed with essential amino acids, it helps to enhance performance and reduce fatigue during workouts.',25.00,6,1,0.00,'2025-02-13 18:12:19','2025-05-22 16:57:32'),(194,'Nutritech CLA1000 Softgels 90 Capsules','Nutritech CLA1000 Softgels combines the potential benefits of cojugated linoleic acid and is designed to positively influence your weight management programme. This supplement helps reduce fat and preserve muscle, and promotes abdominal fat loss.',15.00,12,0,0.00,'2025-02-13 18:50:41','2025-05-06 17:03:18'),(195,'NUTRITECH CREATINE MONOHYDRATE 500g','NUTRITECH Creatine Monohydrate, your essential strength and performance companion. Each serving delivers 5g of high-quality creatine monohydrate, fueling your muscles for power, endurance, and recovery. Perfect for athletes and fitness enthusiasts, this pure and effective supplement can be added to your pre-workout routine or taken anytime for a boost. Whether you’re at the gym, at home, or on the go, NUTRITECH Creatine Monohydrate is your go-to for maximizing performance.\r\n\r\nSERVINGS: 100 SINGLE SERVINGS',35.00,3,0,0.00,'2025-02-13 18:55:34','2025-05-26 20:40:36'),(196,'NUTRITECH L-GLUTAMINE 500G','NutriTech L-Glutamine powder is a high-quality supplement that helps to support muscle recovery and growth after intense physical activity. With each serving, you get 5 grams of pure L-Glutamine, which aids in reducing muscle breakdown and improving overall athletic performance.',25.00,6,0,0.00,'2025-02-13 19:13:56','2025-05-19 15:14:06'),(197,'Nutritech Premium Mass Builder','NutriTech Premium Mass Builder is a high-calorie, nutrient-rich supplement powder designed to help individuals gain weight and build muscle mass. It contains a blend of proteins, carbohydrates, vitamins, and minerals to support muscle growth and recovery.',55.00,4,0,0.00,'2025-02-13 19:22:30','2025-05-19 15:15:08'),(198,'Nutritech Premium Whey Protein','Nutritech Premium Whey Protein 2kg is a special formulation of ingredients to support lean muscle growth, muscle recovery, and strength gains post workout. The fast-absorbing, high protein blend is ideal for consumption after working out, or just as a general supplement throughout the day.',55.00,1,0,0.00,'2025-02-13 19:25:44','2025-05-19 15:14:50'),(199,'NUTRITECH VASO PRE-WORKOUT','VASO N03 has been formulated as a nitric oxide pre-workout concentrate. Massive pump and vascularity without the crash! ZERO Caffeine or Stimulants. The combination of ingredients in VASO N03 creates a synergistic powerhouse that supercharges exercise performance, boosts endurance, increases power output, reduces fatigue, and supports recovery, providing you with a comprehensive solution for maximizing your workout potential.',25.00,9,1,0.00,'2025-02-13 19:32:27','2025-02-13 19:32:27'),(200,'Flavoured Creatine Monohydrate 250g','Creatine Monohydrate is suitable for anyone partaking in prolonged or high-intensity exercise, looking to improve physical performance. Applied Nutrition’s Creatine provides the purest, most readily absorbed Creatine Monohydrate available. Studies report that the increase of creatine levels will help delay the onset of fatigue, increase energy metabolism in the muscle cells and enhance the body\'s overall training capability.',20.00,3,0,0.00,'2025-02-13 19:38:10','2025-03-26 16:25:30'),(201,'LARRY WHEELS ISOLATE PROTEIN 25 SERVINGS','Introducing the Personal Records Supplements - Larry Wheels Series Isolate Protein, the ultimate protein supplement designed with the renowned fitness sensation, Larry Wheels.\r\n\r\nThis cutting-edge product has been meticulously crafted to help you reach new heights in your fitness journey and smash personal records like never before. Harnessing the combined expertise of Personal Records Supplements and Larry Wheels, this premium isolate protein is a true game-changer.\r\n\r\nPacked with high-quality, fast-absorbing whey protein isolate, it delivers a potent dose of essential amino acids to fuel your muscles and support optimal recovery. Each serving ensures you get the purest form of protein, free from unnecessary fillers, so you can maximize every workout and achieve peak performance.\r\n\r\nThe Personal Records Supplements - Larry Wheels Series Isolate Protein is not just about raw power – it also caters to your taste buds. Crafted with an array of delicious flavors, it transforms your post-workout ritual into a delectable treat, making sure you never miss a scoop.\r\n\r\nSay goodbye to bland and boring protein shakes and embrace the delightful experience this supplement provides. What sets this isolate protein apart is its commitment to transparency and quality. Rigorously tested for purity and potency, it meets the highest industry standards, ensuring you get only the best in every scoop.\r\n\r\nWith Personal Records Supplements and Larry Wheels\' joint dedication to excellence, you can have full confidence that this supplement is reliable and effective. Whether you\'re a seasoned athlete, a fitness enthusiast, or just starting your fitness journey, the Personal Records Supplements - Larry Wheels Series Isolate Protein is your ultimate partner in unlocking your true potential.\r\n\r\nEmbrace the power of this protein supplement and let it propel you towards achieving new personal records and surpassing your fitness goals. Fuel your body, ignite your performance, and set the bar higher with the Personal Records Supplements - Larry Wheels Series Isolate Protein – the embodiment of strength, quality, and unparalleled results. Experience the difference and step into a new realm of fitness supremacy.\r\n\r\nDirections Of Use\r\nMix 1 scoop with 6-8 ounces of cold water and drink immediately after workout or strenuous activity was also be taken anytime to promote recovery and help build strong muscles',35.00,2,1,0.00,'2025-02-13 19:47:23','2025-02-13 19:47:23'),(202,'TruFuel Tribulus Tribulus 750mg – 90 Capsules','Premium Tribulus Formula\r\n\r\nSupporting and Stimulating Testosterone.\r\n\r\nTruFuel Tribulus potentially boost testosterone levels naturally. Believed to support athletic performance and vitality, Tribulus supplements have gained popularity among individuals seeking to enhance their workout routines and overall vitality.',25.00,7,1,0.00,'2025-02-13 19:57:26','2025-02-13 19:57:26'),(203,'Trufuel Tongkat Ali','TruFuel Tongkat Ali, also known as Eurycome longifolia, is a southeast Asian botanical renowned for its potential benefits in enhancing libido, testosterone levels, and athletic performance, with traditional use extending to energy and vitality enhancement.',25.00,7,1,0.00,'2025-02-13 20:02:01','2025-02-13 20:02:01'),(204,'Caffeine + Taurine 60 capsules','80 mg of caffeine\r\n600 mg of taurine\r\nCaffeine + Taurin is an excellent alternative to poorly dosed and high carbohydrate energy drinks.\r\n100% gluten free product!\r\nCaffeine + Taurin, like all other BioTech USA products, contains safe, carefully selected nutrients.',13.00,9,1,0.00,'2025-02-13 20:10:03','2025-02-13 20:10:03'),(205,'LIVER AID','Choline and antioxidants: The choline content of Liver Aid contributes to the maintenance of normal liver function. The formula is enriched with antioxidants; selenium, Vitamins C and E contribute to the protection of the cells against oxidative stress. Due to the selenium, D and C vitamin content the formula also contributes to the normal function of the immune system.\r\n\r\nHerbal complex: The ingredients also include 8 well-known plants and their extracts. Let’s see them one by one: curcuma, milk thistle, greater burdock, chamomile, artichoke, chlorella algae, ayurvedic amla fruit and Andrographis.\r\n\r\nValuable amino acids: Proteins are among others one of the major components of living cells; amino acids are building blocks of proteins. Our body is unable to produce certain amino acids, for example L-methionine. These are called essential amino acids. L-cysteine is a conditional amino acid, which can be produced by the human body. Furthermore cysteine is also the building block of glutathione (GSH).\r\n\r\nFor men and women.\r\nFor a normal liver function due to the product’s choline content.\r\nEven if you have a varied diet.\r\nFor those who are looking for a dietary supplement with a complex content.\r\nHOW TO USE\r\nTake 2×1 tablet daily with a glass of water after main meals. Do not exceed the recommended dosage.',23.00,10,0,0.00,'2025-02-13 20:13:37','2025-05-22 17:01:39'),(206,'BioTech Citrulline Malate (300g)','pump product\r\nGluten free\r\nWithout aspartame\r\nPowder form for multiple uses\r\nfor a better supply of the muscles with oxygen and nutrients\r\nBioTechUSA Citrulline Malate contains the amino acid L-Citrulline in its pure form and with a \"neutral\" taste, no artificial additives, sugar and carbohydrates. L-citrulline is particularly popular before strength and endurance training. Most athletes already notice a noticeable effect during the first training session. There\'s a reason citrulline malate is one of the most popular and important ingredients in various pre-workout products. While citrulline malate is often combined with the amino acid L-arginine in bodybuilding and strength training, endurance athletes often benefit from a combination of citrulline malate and beta-alanine.',27.00,6,0,0.00,'2025-02-13 20:16:58','2025-05-14 16:36:58'),(208,'Biotech Citrulline Malate 90 capsules','do endurance sports, to be taken prior to or during workout\r\nare a bodybuilder\r\ndo functional trainings\r\nare sensitive to additives\r\nLike all BioTech USA products, Citrulline Malate capsule consists of safe and carefully selected ingredients.\r\n\r\nL-citrulline is a non-essential (conditionally essential) amino acid micro nutrient that the body cannot produce in sufficient quantities typically under greater strain, therefore replenishment might become necessary. When it comes to fruit, citrulline is found in large quantities in watermelon, for example. The synergistic combination of L-citrulline amino acid and malic acid is L-citrulline malate. Malic acid (malate) is an organic acid, which can be found in nature (for example in apple). L-citrulline amino acid is what L-arginine and L-ornithine amino acids are made of.\r\n\r\nIt is a formula very popular among athletes.',25.00,6,1,0.00,'2025-02-13 20:22:09','2025-05-07 15:48:28'),(209,'Zinc Duo 60 tablets','25 mg of zinc in a daily dose\r\nActive, easy-to-use formula\r\nContains 2 types of organic* zinc\r\nzinc bisglycinate (amino acid chelate)\r\nzinc gluconate\r\nSufficient packaging for 60 days\r\nThe gluconate compound belongs to organic* bonds and the elemental zinc content is adequate. Chelation is a type of bonding of inorganic zinc with amino acid creating an organic*, bisglycinate complex, which can be easily used by the human body.',15.00,11,0,0.00,'2025-02-13 20:32:54','2025-05-07 20:17:31'),(210,'One - A - Day multivitamin 100 tablets','Do you prefer easy, but effective solutions? Then One-A-Day multivitamin tablets with 12 types of vitamins and 10 types of minerals are an excellent choice for you! Thanks to its complex composition, it is suitable for you if you live an active lifestyle and follow a balanced diet, but you want to give some extra help for your body.',23.00,11,0,0.00,'2025-02-13 20:35:08','2025-04-11 16:31:01'),(211,'VICTOR MARTINEZ BCAA 5G JUICE 2:1:1, 30 SERVINGS','Branched Chain Amino Acids (BCAAs) is easily one of the best supplements you can take for aiding your fitness goals. One of the biggest reasons to use BCAAs is to improve your physical performance. Scientific evidence shows that they may help build muscles, reduce workout fatigue and decrease muscle soreness after exercise. Studies show that 5-10 grams of BCAA prior to or during your workout helps reduce muscle fatigue, improves muscle recovery, and increases energy',25.00,8,1,0.00,'2025-02-13 20:39:13','2025-04-24 19:42:05'),(212,'ULTRA COLLAGEN 30 SERVINGS','Type I and III Collagen Peptides\r\nGrass Fed & Unflavored\r\nPaleo and Keto Friendly\r\nNon-GMO and Gluten Free\r\nFeed your inner beauty with Unflavored Ultra Collagen Powder from Nature’s Truth! Collagen is one of the most abundant proteins in the body, and is naturally found in the muscles, bones, skin, and tendons. Created from grass fed, pasture-raised bovine, our Unflavored Ultra Collagen Powder provides 6,700 mg of Collagen Peptides Type 1 and 3 (from bovine) per serving, delivering 20 grams of Collagen, when taken the recommended three times daily.\r\n\r\nReap all the amazing benefits of collagen in this convenient, unflavored powder formula! Simply stir into any hot or cold drink, a smoothie, or your favorite recipe. This easily absorbable powder dissolves quickly and is odorless and flavor-free!\r\n\r\nDIRECTIONS\r\nFor adults, mix approximately one (1) heaping tablespoon (6.7 g) of Collagen three times daily (20 g Collagen) with 200-250 ml of cold or hot liquid. Stir vigorously or use blender for best results. For optimum benefits, take on an empty stomach and wait 30 minutes before eating.\r\n\r\nINGREDIENTS\r\nCollagen Peptides Type I & III (from Bovine).\r\n\r\nNO gluten, wheat, yeast, milk, lactose, soy, artificial color, artificial flavor, artificial sweetener, preservatives.\r\n\r\nSupplement Facts\r\nServing Size: 1 Scoop (6.7 g)\r\nServings Per Container: About 30',25.00,15,0,0.00,'2025-02-13 20:41:28','2025-04-22 15:19:24'),(213,'Giant Sports Edge Creatine Monohydrate, 500g','Creatine Powder - Each serving of Gaint Sports Edge Series creatine contains 5000mg of pure creatine monohydrate to help support strength and endurance\r\nMicronized Creatine - Giant Edge Creatine uses pure, micronized creatine to allow maximum mixabilty\r\nPre Workout or Post Workout - Giant Edge creatine is unflavored and mixes easily with any beverage and can be consumed pre workout or post workout to help support muscular strength and recovery.\r\nEnergy and Endurance - Supplementing with Creatine can help produce more ATP and allow men and women to train harder as ATP helps serve as fuel for muscles during exercise.\r\nHigh Quality Supplement - All Giant Sports Edge Series products are manufactured in the USA in a GMP compliant facility. All products are also third party lab tested for purity.',25.00,3,1,0.00,'2025-02-13 20:45:13','2025-03-24 17:39:48'),(214,'Muscle & Joint Fix - Recovery and Joint Support 90 capsules','To perform at your best, you need to feel your best. BPI Sports Titan Series Muscle & Joint Fix helps to keep you at the top of your game. This robust joint support formula contains clinically studied ingredients shown to help alleviate joint pain and to help protect against further damage. Muscle & Joint Fix can also be used as a recovery product.*\r\n\r\nAll-Natural Joint Support:\r\nMuscle & Joint Fix contains all-natural herbs that have been used in traditional medicine all over the world for years. White Peony and Turmeric Extract (containing curcumin) contain strong anti-inflammatory properties that can help repair joint damage and relieve pain.*\r\nRecover and Repair:\r\nWhite Peony and Turmeric contain antioxidants that can protect cells from free radicals and oxidative stress. By protecting our bodies and by increasing the production of collagen, Muscle and Joint Fix may help you recover faster from tough workouts and training sessions.*\r\nIncrease Collagen Production:\r\nHydrolyzed Beef Collagen is derived from cows and has been clinically shown to increase the production of type I and type III collagen. Collagen is important for the support of bones, tendons, and ligaments. An increase in collagen may relieve symptoms of arthritis and may prevent bone loss in older adults.*',30.00,10,1,0.00,'2025-02-13 20:48:35','2025-02-13 20:48:35'),(215,'B4 - Weight Loss And Energy 30 capsules','A truly unique option for Thermogenic \"Fat-Burners.\"\r\nB4™ is a dual sports performance supplement that not only works as a pre-workout but as a weight-loss supplement as well. Double duty sports performance supplement that keeps you focused and energized. Targets those areas where it\'s harder to lose fat. Enhances motor control and motivation to train harder, longer, and more efficiently. Perfect to take as a pre-workout before training, as a mid-day energy boost, or on non-training days for continued support of fat loss.*',25.00,12,1,0.00,'2025-02-13 20:51:12','2025-02-13 20:51:12'),(216,'BPI A-HD ELITE 30 CAPSULES','A BPI Sports Product\r\nPowerful Stack To Support Healthy Testosterone Levels & A Lean Physique*\r\nAnabolic & androgenic support stack\r\nDesigned for a leaner, more muscular physique\r\nSupports healthy test levels*\r\n30 servings per container\r\nMaintaining a healthy testosterone level is vital for achieving that lean, hard, muscular physique. Testosterone is the key hormone in men primarily responsible for developing strength and increasing muscle mass as well as burning fat in the body. Testosterone boosters work to optimize your workout time by giving your body the strength and focus it needs to build solid muscle. To really achieve that level of definition and vascularity, your nutrition and training need to be on point. However, sometimes that\'s still not enough. That\'s where this dynamic due of a stack swoops in to take your body where it\'s never been before: harder, stronger, and full of power!*\r\n\r\nHealthy Testosterone Levels*\r\nA Leaner More Muscular Physique*\r\nIncreased Libido & Stamina*',25.00,7,1,0.00,'2025-02-13 21:01:14','2025-02-13 21:01:14'),(217,'Ashwaganda Swanson 100 capsules','MULTIPLE HEALTH BENEFITS: A powerful mood helper, this herbal adaptogen supports healthy response to stress, aids immune system support, and helps to support energy levels. Each of our capsules contains 450mg ashwagandha root.\r\nTRUSTED FOR CENTURIES: Also known as Indian ginseng, Ashwagandha root is a potent herb and staple of traditional Ayurvedic wellness practices that is packed with bioactive compounds shown to support mental and physical vitality.\r\nDOSAGE INSTRUCTIONS: Our wellness supplements offer everyday solutions for an enhanced mind, body, and home using only the purest ingredients. For best results, take two capsules one to two times per day with water.\r\nOUR QUALITY COMMITMENT: For over 50 years, Swanson has delivered science-backed health products worldwide. Each wellness supplement is made in our GMP certified facilities, and our purity and potency testing includes independent third-party labs.',20.00,10,0,0.00,'2025-02-13 21:05:16','2025-05-19 15:18:13'),(220,'Biotech USA - Micellar Casein','Biotech USA Micellar Casein is a delicious protein powder that provides a source of slowly absorbed micellar casein and is enriched with glutamine.*\r\n\r\nKey Features:\r\n\r\nUp to 22g of protein per serving\r\nEnriched with L-glutamine\r\nLow in sugar and fat\r\nGluten-free, palm oil-free, and preservative-free\r\nPotential Benefits:\r\n\r\nMay support muscle growth and maintenance*\r\nMay contribute to the maintenance of healthy bones*\r\nHOW TO USE\r\n\r\nMix 1 serving (1 scoop = 2 heaping tablespoons = 30g) with 300 ml of water. Consume before bedtime or between meals.\r\n\r\nINGREDIENTS\r\n\r\nMicellar casein concentrate (contains milk) 85%, low-fat cocoa powder, L-glutamine 5%, cream component [partially hydrogenated coconut fat, skimmed milk powder, emulsifiers (E471, E472a), glucose syrup, sucrose, milk protein, stabilizer (potassium phosphates), anti-caking agent (calcium phosphates)],',45.00,21,0,0.00,'2025-02-15 18:27:18','2025-03-26 16:26:34'),(221,'BioTech USA Hyper Mass 61servings','TriCarbo Matrix: Three different carbohydrate sources from carbohydrates with different glycemic indices\r\nProtein Blend: Three different protein sources\r\nWith micronised creatine monohydrate\r\nDietary fibres\r\nHigh protein content\r\nGluten Free\r\nHyper Mass is an excellent choice for gain lovers since you can now complement the increased caloric intake required for your growth with a product that consists of carefully selected ingredients.\r\nTricarbo Matrix is a carbohydrate complex that consists of three different carbohydrate sources with different glycemic indices.\r\nProtein Blend contains 3 different protein components that have different absorption times to ensure the protein sources required for your muscle mass growth.\r\nIn order to ensure a balanced nutritional composition each serving contains 1.4g fat. However, that’s not all, because Hyper Mass also contains 3.25 g of micronised (smaller particle size) creatine-monohydrate per serving that has more favourable properties than the traditional creatine monohydrate compound.\r\n\r\nTriCarbo Matrix, the ideal carbohydrate complex!\r\n\r\nExtra calorie intake is essential during bulking, which can primarily be achieved by the increased consumption of carbohydrates and proteins. In addition to quantity, it is also important to pay attention to the quality of your nutrient intake.\r\n\r\nTriCarbo Matrix was developed in light of the above. It contains a carbohydrate (maltodextrin) that has a high glycemic index in addition to large amounts of fibre with a low glycemic index, in the form of inulin. Moreover, it also contains corn starch, which is a modern and popular carbohydrate source.\r\n\r\nThis complex carbohydrate formula is ideal to cover the energy intake required for bulking.\r\n\r\nProtein Blend: whey protein concentrate, calcium caseinate, whey protein isolate\r\n\r\nProtein Complex contains three protein components with different absorption times. Thanks to their high biological value they provide you with an excellent protein source during bulking.\r\n\r\nBalanced nutritional composition in the service of growth\r\n\r\nIt is very important that a mass gainer product contains all three macronutrients in the right proportions and Hyper Mass meets this requirement: in addition to its high protein content, carbohydrate and fat are also featured among its ingredients.\r\n\r\nMicronised creatine monohydrate\r\n\r\nCreatine is a macromolecule comprising three amino acids (glycine, methionine, arginine); it increases physical performance during repeated short-term, high intensity exercise.\r\n\r\nLike all BioTechUSA products, Hyper Mass consists of safe and carefully selected ingredients.',70.00,4,1,0.00,'2025-02-22 18:05:26','2025-02-22 18:06:23'),(222,'Biotech USA BCAA Zero 40 servings','both men and women\r\nall kinds of training\r\nfor quick and low-calorie pre-workout amino acid supply\r\nfor retaining muscles during prolonged training\r\nfor people on a diet\r\nfor (fitness) competition preparation\r\nMUSCLE BUILDING AND ENERGISING\r\n\r\nBioTechUSA’s flavoured BCAA Zero amino acid powder contains 2:1:1 ratio of leucine, isoleucine and valine amino acids that greatly enhance each other’s effect on building muscles and energising, and they have a natural, specific proportion in muscles. We have also added vitamin B6 to the product, which contributes to normal protein and glycogen metabolism, as well as to the reduction of tiredness and fatigue.',25.00,8,1,0.00,'2025-02-22 18:10:30','2025-02-22 18:10:30'),(223,'ANIMAL PAK 44 PACKS','Animal Pak is complete nutrition loaded with 85+ highly absorbable nutrients that enhances training sessions and boosts energy in daily life through an efficient combination of vitamins, minerals, amino acids, antioxidants, digestive enzymes, carnitine, herbs and more. More than a multivitamin, Animal Pak fills your nutritional gaps ensuring you are primed for muscle growth and optimum performance as you chase your fitness goals.\r\n\r\nNew and improved formula delivers better performance and 25% less pills (now only 8 pills)\r\nConcentrated formula delivering the benefits of 12 supplements in 1 convenient packet\r\nScience-backed, advanced formula, now with less pills and easier to swallow\r\nAlso available in delicious tasting powders.\r\nWorking with nutritionists, physical science experts, and athletes, we are advancing America’s #1 training Pak, again, with a new and improved formula comprised of powerhouse ingredients designed to take your workouts to an even higher level – and delivered in an all-in-one pill pack that’s even easier and more convenient.\r\n\r\nAnimal Pak isn’t just a multivitamin, it’s a vast arsenal of over 60 key ingredients that are delivered in the right amounts at the right time, every time. Each pack has been specifically formulated to strengthen your body’s foundation to help optimize your physical and mental wellness and fitness goals — ample doses of vitamins, minerals, amino acids, herbs, and other performance optimizers to help you reach beyond your peak performance.\r\n\r\nDaily Essential Vitamins and Minerals Including A, C, B, Zinc, Calcium and More\r\nAmino Acids, Protein Complex and Liver Detox Enzymes\r\nPerformance Complex Including L-Taurine and Carnitine\r\nIncludes Spectra™, an All-Natural Blend of 29 Fruits, Vegetables, and Herbs\r\nSpirulina, Chlorella, And Ginkgo Biloba to Help Natural Immune Response\r\nEnhanced with AstraGin® to Help Improve Nutrient Bioavailability\r\nNatural Energy and Focus, with No Added Caffeine (same as a decaf cup of coffee)\r\nAvailable in Pill Packs and Great-Tasting Powders\r\nCosts Less Than Buying Individual Supplements Separately\r\n Designed for the dedicated gym goer and athlete, Animal Pak is the foundation for any active and healthy lifestyle, and able to stand up to the most intense training and rigorous dieting. Simply take one pack daily with any meal, or if you are in hard training mode, take two packs daily with your meals. Easy as that. Since Animal Pak is a foundational supplement to be taken it daily there is no need to cycle it.\r\n\r\nAnimal Pak – a convenient all-in-one pill pack, that costs less than buying individual supplements separately, is also available in great-tasting powders.',45.00,11,1,0.00,'2025-02-22 18:15:25','2025-02-22 18:15:25'),(224,'ANIMAL M-STAK 21 PACKS','Animal M-Stak is a non-hormonal, anabolic supplement pack that helps your body absorb more nutrients and build more lean muscle. Animal M-Stack’s innovative formula combats muscle breakdown and supports nutrient absorption giving you the extra push to break through workout plateaus\r\n\r\nPromotes muscle gains and naturally boosts hormone levels\r\nIncreases protein synthesis, nutrient absorption, and nitrogen retention\r\nHelps to reduce stress and improve carbohydrate metabolism\r\nAnimal M-Stak is a non-hormonal, anabolic supplement that utilizes various complexes and nutrients to help your body absorb nutrients at a more efficient rate, increase muscle gains, and support your metabolism. It has also been shown to support healthy insulin levels. Scientifically formulated for “hardgainers”, or anyone trying to build lean muscle mass, Animal M-Stak includes these key complexes:\r\nFlavone/Sterone Complex features Beta-Ecdysterone, Turkesterone, and Methoxyisoflavone to help induce anabolism creating a more primed environment for you to utilize nutrients and make more gains.\r\nInsulin Potentiating Complex contains cinnamon bark extract, alpha lipoic acid, banaba leaf extract (corosolic acid), and fenugreek feed, and supports carbohydrate metabolism to efficiently use the nutrients that you are consuming.\r\nAdaptogen Complex contains ashwagandha, kudzu and eleuthero root which reduce stress and normalize cortisol levels.\r\nAnti-Catabolic Complex with key leucine and other BCAAs has shown to keep you from breaking down muscle tissue. Don’t let catabolism (muscle breakdown) erase your gains.\r\nM-Factor Transport Complex contains ginger root, plus additional absorption enhancers 6,7-Dihydroxybergmottin and bioperine which promotes nutrient absorption assisting in the myriad of muscle growth factors in the M-Stak formula.\r\nAnimal M-Stak includes a 200mg removable caffeine pill which can be discarded for those who don’t want stimulants. For the best results, M-Stak should be cycled and combined with the right foods and proper training to be a powerful addition to your lean muscle supplement game.',45.00,7,1,0.00,'2025-02-22 18:19:14','2025-02-22 18:19:43'),(225,'R1 FISH OIL 100 SOFTGELS','R1\'s Fish Oil Softgels provide 1,000mg fish oil, yielding 180mg EPA and 120mg DHA. Our bodies can’t effectively produce these essential nutrients, so they must be obtained from seafoods or supplements made from marine sources.^',20.00,11,0,0.00,'2025-03-04 19:33:56','2025-05-21 20:10:40'),(226,'V-Shape Creatine 100 Servings','MICRONIZED & MONOHYDRATED CREATINE\r\nV-SHAPE CREATINE provides 5 Grams of pharmaceutical grade micronized and monohydrated creatine per scoop essential to increase muscle size and enhance strength during workout\r\n\r\nCategories: BULK UP, STRENGTH UP\r\nTags: BULK UP ORIGINAL LINE, STRENGTH UP ORIGINAL LINE\r\n Description Nutrition Facts HOW TO TAKE! Barcodes \r\n/// CREATINE DEFINITION\r\n5 Grams of pharmaceutical grade micronized and monohydrated creatine per scoop.\r\n\r\nCreatine is an element existing naturally in muscle cells. It helps your muscles produce energy during heavy lifting and high intensity workout.\r\n\r\nVS Supps Creatine powder has been micronized to stay in solution for a long period of time without losing its efficiency.\r\n\r\nVS Supps Creatine is unflavored and therefore you can stack it in different ways either you add it to your pre-workout BCAA shake, post-workout within your protein shake or you can consume alone with any kind of beverage juice.',23.00,3,1,0.00,'2025-03-04 19:40:23','2025-03-04 19:40:23'),(227,'GAT Sport Essentials ZMAG-T 90 Veg Capsules','Assists with raising testosterone levels and muscle performance.\r\nImproves recovery and by helping to provide a better nights sleep.\r\nWith Albion Bororganic Glycine for musculoskeletal development and hormone support.\r\nEnhance Muscle Size & strength',22.00,11,0,0.00,'2025-03-04 19:44:15','2025-05-22 15:47:15'),(228,'GAT, Testrol Gold ES, Testosterone Booster, 60 Tablets','Description\r\nAre you looking for an advanced formula that can naturally support male performance, endurance, strength and testosterone, with the added benefit of hormone regulators?  Well, look no further!  Try GAT Sport TESTROL GOLD ES and watch science and nature come together to provide you with the power to blast through your day.\r\n\r\nBalance Your Testosterone to Estrogen Ratio\r\nHelps Build Lean Muscle\r\nSupports Muscle and Male Performance',35.00,7,1,0.00,'2025-03-04 19:47:20','2025-03-04 19:47:20'),(229,'ESSENTIAL AMIN.O. ENERGY','Energy + Recovery¹\r\nEssential AMIN.O. ENERGY powder mix supports energy1 with 100mg of caffeine from natural sources per serving* and post-workout muscle recovery1 with 5g of amino acids per serving. It’s formulated for active people at every level of fitness who want a mild pre-workout energy boost or to maintain energy during physical activity1. \r\n\r\nWith more than a dozen fruit-flavors to choose from and easy mixing, it’s an easy way to bring energy1 to exercise, sports, and other physical activities – all with the quality you expect from OPTIMUM NUTRITION® – The World’s #1 Sports Nutrition Brand4.',25.00,6,1,0.00,'2025-03-25 15:06:10','2025-03-25 15:06:10'),(230,'Larry Wheels Creatine Powder - Pre Workout & Post Workout Creatine Drink - Muscle Boosting Powder for Men & Women - with Tart Cherry & Himalayan Salt, Unflavored - 120 Servings (732 Grams)','RP Creatine 120 servings \r\n5g monohydrate creatine \r\nsodium 148mg \r\nTrat cherry extract 500mg \r\nHimalayan pink salt 400mg',35.00,3,1,0.00,'2025-04-02 17:44:41','2025-04-02 17:44:41'),(231,'100% Whey Protein Plus','80 Servings\r\n\r\n• 20 grams protein\r\n\r\n• Produced through microfiltration technique for purity\r\n\r\n• Absorbs quickly into the body for maximum performance\r\n\r\n• Fuels working muscles and stimulates protein synthesis\r\n\r\n• Available in chocolate flavor\r\n\r\nChallenger Nutrition 100% Whey Protein is composed of a powerful protein matrix with whey protein concentrate, and whey protein hydrolysate. These complex proteins are balanced by muscle-building amino acids and BCAAs for maximum strength and performance.\r\n\r\nWe’re confident that this is the best whey protein on the market because our research and development team has created the ideal formula to meet the needs of today’s competitive athlete, world-class bodybuilder, and fitness buff. This is a highly focused supplement with pure ingredients and a complete mix of protein.  At Challenger, we understand what it takes to be competitive, which is why we’ve created this fast-acting whey protein product to enable you to satisfy your protein needs in accordance with your workouts and at any time of day.\r\n\r\nHere’s what Challenger whey protein shakes can do for you:\r\n\r\n• Build lean muscle\r\n\r\n• Promote strength\r\n\r\n• Improve cardiovascular function\r\n\r\n• Boost immune system\r\n\r\n• Boost energy and stamina\r\n\r\n• Synthesize natural amino acids in the body\r\n\r\n• Have a significant impact on your overall gains\r\n\r\nProtein is the most crucial element in an athlete’s diet, which is why it’s so important to choose a bodybuilder-strength whey protein that won’t let you down. Whey protein is known as a “fast protein” when consumed because it enters the bloodstream very quickly to deliver the results you crave. Whey is a dairy-based source of amino acids, which are the building blocks of protein and an essential element in any athlete’s diet.\r\n\r\nOur whey protein powder is quickly digested and absorbed in the body so that your muscles can utilize it right away. By supporting structural muscle protein synthesis, our whey protein provides the nutritional foundation for anyone who’s serious about getting in shape and growing stronger every day.\r\n\r\nIt also drastically improves muscle recovery after your workouts are complete. This means that you can work out longer and harder to reach your full potential and achieve your fitness goals. Say goodbye to muscle soreness and fatigue and get back into the gym where you belong.\r\n\r\nEach 30 gram serving of Challenger’s bodybuilding whey protein has 20 grams of protein, which is an impressive 70% concentration. This pure protein packs more protein into every scoop, with minimal fat, carbs, and sugars. Essentially, it pumps you up without weighing you down.\r\n\r\nThis isn’t your average blend of substandard whey protein with unwanted fillers. Unlike some protein providers, we don’t spike our whey protein to artificially increase the protein content or use any inferior concentrate. And at Challenger, we don’t believe in fillers – just 100% whey protein with no extra ingredients your body doesn’t need.\r\n\r\n\r\nExpertly packaged in whey protein 5.3 lb containers, our product is quick and convenient to prepare. It will also satisfy your sweet tooth so you’re less tempted to give into cravings and indulge in unhealthy foods. With Challenger, you can enjoy the sweet and satisfying flavors of whey protein powder vanilla, whey protein chocolate, and whey protein strawberry.\r\n\r\nAnd protein shakes are just the beginning. Our whey protein powder will mix well into many of your favorite recipes, such as pancakes, energy bars, muffins, and crepes. It’s also delicious when simply mixed into oatmeal, yogurt, pudding, and even coffee. The best part is that it can be used any time of the day – first thing in the morning, pre-workout, post-workout, between meals, or as a healthy snack before bed.\r\n\r\nSo if you’ve been searching for the perfect blend of power, the look no further than Challenger Nutrition 100% Whey Protein. When it comes to sports nutrition, quality is everything, so don’t trust your body to just any protein provider.\r\n\r\nThere are many different protein powders on the market, but none as effective and delicious as Challenger. All of our products undergo rigorous quality testing to take the guesswork out of supplementation and give you the results that you deserve. Challenger Nutrition 100% Whey Protein is the best way to supplement your lifestyle and a great-tasting way to fuel your passion.\r\n\r\nWhether you’re a high-performance athlete, an aspiring bodybuilder, or just trying to lose weight and gain muscle to live a healthier lifestyle, Challenger’s whey protein is the answer you’ve been looking for. Are you ready to unleash the challenger inside of you and take your fitness game to the next level?\r\n\r\nThese statements have not been evaluated by the Food and Drug Administration. This product is not intended to diagnose, treat, cure, or prevent any disease.',75.00,2,1,0.00,'2025-04-02 17:50:55','2025-04-02 17:50:55'),(232,'CREATINE MONOHYDRATE 5000MG','Creatine Monohydrate has been proven to be one of the most effective supplements for increasing muscle mass and strength. Research shows supplementing with Creatine can lead to doubling your strength and lean muscle gains when compared to training alone. Supplementing with Creatine can result in significant increases in muscle mass for both untrained individuals and elite athletes.\r\n\r\nBenefits for Daily Creatine Supplementation: \r\n\r\n- Helps Muscle Cells Produce More Energy\r\n\r\n- Promotes Muscle Growth\r\n\r\n- Improves High-Intensity Exercise Performance\r\n\r\n- May Reduce Fatigue and Tiredness\r\n\r\n- Can Improve Brain Function',23.00,3,1,0.00,'2025-04-02 18:00:49','2025-04-02 18:00:49'),(233,'CLA 95: CONJUGATED LINEOLIC ACID FOR WEIGHT LOSS','CLA Supplements\r\nWhat is a CLA Supplement?\r\nConjugated Linoleic Acid (CLA) is a remarkable dietary supplement derived from sources like safflower and sunflower oil, and found naturally in grass fed meats and dairy as well as the yolk of an egg. CLA dietary supplement works to reduce body fat by preventing fat accumulation in fat cells. Fat normally enters the fat cell through a door that is controlled by an enzyme that acts as the key.\r\nCLA 95: CONJUGATED LINEOLIC ACID FOR WEIGHT LOSS',25.00,12,1,0.00,'2025-04-11 19:08:48','2025-04-11 19:08:48'),(234,'Allflex: All-In-One Joint Formula','ALLFLEX is an advanced recovery reliever that promotes joint health and mobility and reduces the pain and inflammation associated with intense physical activity. As a proprietary blend it has been formulated for both active individuals and competitive athletes who participate in high intensity exercises.\r\nRapid Joint Recovery and Pain Management – Powered with UC•II\r\nAllflex: All-In-One Joint Formula\r\nClinically Proven and Highly Effective\r\n\r\nALLFLEX with UC-II® Collagen is clinically shown to be 348% more effective than the standard 1,500 mg Glucosamine and 1,200 mg Chondroitin combination, offering superior support for joint health, flexibility, and comfort. This formula combines UC-II® Undenatured Type-II Collagen for joint repair, 3-LASTIN™ to target inflammation, OptiMSM® for enhanced mobility, and Curcumin for free radical reduction and antioxidant protection.\r\n\r\nWhy Choose ALLFLEX?\r\n\r\nWith ALLFLEX, you can relieve joint pain, improve mobility, and enjoy long-lasting support for active lifestyles. Available in a convenient 60-capsule size, it’s a reliable addition to your daily routine.\r\n\r\nHelps Relieve Joint Pain*\r\nRestore Mobility*\r\nALLMAX Allflex: All-In-One Joint Formula is available in a 60 capsule size.',30.00,11,1,0.00,'2025-04-11 19:12:53','2025-04-11 19:12:53'),(235,'Citrulline Malate 2:1','MUSCULAR ENDURANCE ENHANCER\r\nCITRULLINE MALATE improves training intensity, endurance and speed of recovery. It performs this through 5 main functions:\r\nIncreases blood Arginine levels (gram for gram at double the level of Arginine).\r\nIncreases endothelial Nitric Oxide (NO) levels thereby improving vascular function and blood flow.\r\nImproves kidney bicarbonate reabsorption providing a powerful buffer against increasing muscle acidification during intense training.\r\nDetoxifies fatigued muscle tissue by removing ammonia (a toxin that can increase 3-fold during intense training).\r\nRapidly replenishes PCr (phospho-creatine) stores, PCr is a key storage of energy muscles tap into.\r\nImproves Training Intensity, Endurance & Speed of Recovery\r\nCitrulline Malate 2:1\r\nALLMAX’s CITRULLINE MALATE 2:1 WITH 2 L-CITRULLINE AMINO ACIDS BOUND TO 1 MALATE\r\nAside from assisting with delivery and absorption, the Malate has a critical function in the TCA (or Krebs) cycle that produces energy within the mitochondria. Specific research has shown a 34% increase in the rate of oxidative ATP, 20% increase in post-exercise phosphocreatine recovery and significant reduction in the sensation of fatigue.\r\n\r\nWhy Choose Citrulline Malate powder 2:1?\r\nThe fact is that most of the research on performance enhancement has been done on Citrulline Malate not just l-Citrulline powder on its own. Together with Malate, Citrulline has enhanced stability as a molecule and Malate has been shown in research to have the ability to play a role in Nitric Oxide production. Malate plays a key role in the TCA (or Tricyclic Acid) cycle (also known as the Krebs Cycle) that produces energy in the body. While it is true that Citrulline is the true “driver” of the two and that Malate is more prevalent in the body, so Citrulline Malate 2:1 provides the best of both worlds, stability and effectiveness.\r\n\r\nALLMAX Citrulline Malate is available in 300 g size.',35.00,6,1,0.00,'2025-04-11 19:17:15','2025-05-08 20:21:16'),(236,'ALLMAX Nutrition Creatine Monohydrate Powder, 1000g','BOOSTS ENERGY: Creatine is a naturally-occurring compound in the body that helps to supply energy to all cells, primarily muscle cells. Creatine is a quickly available source of energy for muscle contractions used to enhance athletic performance. Creatine has been shown to increase maximal strength and endurance by as much as 15% and up to 30% in power output and energy release in short-burst/interval sports.\r\nINCREASED MUSCLE RECOVERY: Creatine not only helps the muscle endure long-lasting, more intense training sessions, it also helps to increase muscle recovery rate.\r\nBETTER DIET: Supplementing with Creatine will help keep your performance levels high during periods of calorie reduction\r\nBETTER PUMPS: Muscle fullness or cell volumization is directly linked to the growth of the muscle. Intramuscular Creatine enhancement works to deliver better pumps and makes the muscle appear fuller.\r\nTHE ALLMAX DIFFERENCE: Allmax Pharmaceutical Grade Creatine is the ultimate in purity and safety; rigorously held to strict standards that meet or exceed 3rd-Party independent testing for WADA Banned Substances and cGMP guidelines. In addition, our Creatine is micronized to an ultra-fine, free-flowing powder. Most Creatine monohydrate powders on the market today have particles that are as much as 250% larger!',65.00,3,1,0.00,'2025-04-11 19:21:38','2025-04-11 19:21:38'),(237,'Swanson Albion Magnesium Glycinate (Magnesium Glycinate), 133 mg, 90 capsules','Swanson Albion Magnesium Glycinate delivers 133 mg of magnesium per capsule in a highly absorbable form. Key Benefits: Enhanced Absorption: Features Albion\'s magnesium glycinate chelate for superior bioavailability. Muscle and Nerve Support: Helps maintain healthy muscle function and a balanced nervous system.',23.00,11,1,0.00,'2025-04-12 19:05:30','2025-05-22 15:49:40'),(238,'Vitamin D-3 10,000 IU Softgels','High Potency\r\nSupports Healthy Teeth*\r\nPromotes Muscle Health*\r\nNOW Vitamin D-3 softgels supply this key vitamin in a highly-absorbable liquid softgel form. Vitamin D is normally obtained from the diet or produced by the skin from the ultraviolet energy of the sun. However, it is not abundant in food. As more people avoid sun exposure, vitamin D supplementation becomes even more necessary to ensure that your body receives an adequate supply.',25.00,11,1,0.00,'2025-04-12 19:10:11','2025-05-07 20:13:53'),(239,'Magnesium Malate 1000 mg Tablets','113 mg of Elemental Magnesium\r\nMagnesium is a mineral that is critical for energy production and metabolism, muscle contraction, nerve impulse transmission and bone mineralization.* It is a required cofactor for an estimated 300 enzymes.* Among the reactions catalyzed by these enzymes are fatty acid synthesis, protein synthesis, and glucose metabolism.* Malate is an important Krebs cycle intermediate, indicating that it is an important molecule in the production of cellular energy derived from carbohydrates.*',40.00,11,1,0.00,'2025-04-12 19:13:27','2025-05-22 15:53:03'),(240,'TruFuel L-Arginine L-Arginine 500mg – 120 Capsules','L-Arginine 500mg – 120 Capsules\r\n\r\nClean L-Arginine formula\r\n\r\nBest Results and Maximum Performance\r\n\r\nBoost your cardiovascular health and youthful appearance with L-Arginine. This supplement also supports immunity, blood pressure, bones, and tissues.',20.00,6,1,0.00,'2025-04-14 17:25:30','2025-04-14 17:25:30'),(241,'Olimp MagMAX B6 (Magnesium Citrate 687 mg + Vit. B6 and Thiamine) - 50 Tablets','Olimp MagMax B6 is a dietary supplement containing a high portion of magnesium in the form of citrate, which is a well absorbed and tolerated source of this element, enriched with vitamin B6 and thiamine. \r\n\r\nSupplements Facts:\r\nPackage Size: 50 Tablets\r\n\r\nServing Size: 1 Tablets\r\n\r\nServings Per Container: 50\r\n\r\nSupplemental Information	Amount Per Serving	% Daily Value\r\nMagnesium Citrate\r\nof which: magnesium	687 mg\r\n110 mg	*\r\n29,3%\r\nVitamin B6	2 mg	143%\r\nThiamine\r\n(Vitamin B1)	1,1 mg	100%\r\nDaily Value not established.\r\n\r\nOther ingredients:\r\nMagnesium salts of citric acid (magnesium citrate), bulking agent - microcrystalline cellulose; coating [glazing agents - polyvinyl alcohol (PVA), polyethylene glycol, talc; potato starch, anti-caking agent - magnesium salts of fatty acids; pyridoxine hydrochloride - vit. B6, thiamine hydrochloride - thiamine (vit. B1).\r\n\r\nSuggested use:\r\n1 tablet 1 to 2 times a day after a meal.\r\n\r\nCaution:\r\nThe product cannot be used as a substitute (substitute) for a varied diet. A balanced diet and a right lifestyle are important for the functioning of the human body. Do not exceed the recommended maximum daily dose. Store in a cool, dry place after opening.',15.00,11,1,0.00,'2025-04-14 17:53:20','2025-04-14 17:53:20'),(242,'Perfect Skin Hydro-Complex','Product description\r\nBEAUTIFUL AND ELASTIC SKIN\r\n\r\nPerfect skin hydro-complex® is a composition of active nutritional components including collagen, which helps maintain freshness and elasticity of the skin andhyaluronic acid, which participates in maintaining the skin’s healthy appearance. This supplement also contains grape seed and green tea extracts, which help in protecting the body against free radicals. Additionally, the product is enriched with vitamins and minerals such as zinc and selenium, which help to keep hair and nails in good condition.\r\n\r\nPerfect skin hydro-complex® contains active antioxidants that neutralize free radicals:\r\n\r\na grape seed extract containing (95%) proanthocyanidin (OPC) and a green tea extract with a very high content of polyphenols and catechins (EGCG)\r\nPureWay-C® – best absorbable form of vitamin C with citrus bioflavonoids\r\nVitamin E –protect cells against oxidative stress\r\nAlbion® amino acid chelates:\r\nzinc – contributes to the maintenance of normal skin\r\ncopper – contributes to normal skin pigmentation\r\nmanganese – contributes to the protection of cells from oxidative stress\r\nselenium – contributes to the protection of cells from oxidative stress\r\nThe supplement has been completed with minerals in their most bioavailable forms. Such form of amino acid chelate guarantees high grade of absorption and bioavailability. Albion Laboratories® zinc, manganese and copper amino acid chelates are of the absolute highest quality.\r\n\r\nChelation of minerals is the process of binding metallic elements by weak organic acids (amino acids). This extremely significant process enables effective absorption of the elements from the gastrointestinal tract and their distribution to the biological processes taking place with their involvement. In this form, bioelements also remain fully safe in dosing, because any excess quantities leave the body easily in the form of chelates.\r\n\r\nIngredients\r\nNutritional information\r\n1 capsule\r\nHydro-flex skin complex:\r\nCollagen\r\n300 mg\r\nHyaluronic acid\r\n25 mg\r\nSilica\r\n10 mg\r\nBiotin\r\n25 μg (50%*)\r\nAntioxidant perfect skin formula:\r\nGrape seed extract\r\n50 mg\r\nincluding: 95% proantocyjanidyn\r\n47,5 mg\r\nGreen tea extract\r\n50 mg\r\nincluding: 98% polyphenols, 80% catechins, 55% EGCG\r\nPatented vitamin C and citrus bioflavonoid PureWay-C®\r\n44,5 mg\r\nincluding: vitamin C\r\n40 mg (50%*)\r\nVitamin E\r\n6 mg (50%*)\r\nZinc\r\n7,5 mg (75%*)\r\nCopper\r\n500 μg (50%*)\r\nManganese\r\n1 mg (50%*)\r\nSelenium\r\n27,5 μg (50%*)\r\nL-Cistine\r\n10 mg\r\nBeta-carotene\r\n1 mg\r\nLycopene\r\n1 mg\r\n*NRV - nutrient reference value.\r\n\r\nIngredients\r\nIngredients: collagen (hydrolysed gelatin), green tea extract (98% polyphenols, 80% catechins, 55% EGCG), grape seed extract, mineral components (Albion® zinc amino acid chelate, Albion® manganese amino acid chelate, Albion® copper amino acid chelate, Albion® selenium amino acid chelate), vitamins (L-ascorbic acid – vitamin C PureWay-C®, dl-á-tocopherol– vitamin E, D-biotin), sodium hyaluronate, colloidal silica, beta-carotene, lycopene, L-cystine, citrus bioflavonoids, microcrystalline cellulose – bulking agent, magnesium stearate – anti-caking agent, capsule (gelatin – sheath component, colour: E172, E104, E110).\r\n\r\nPurpose\r\nThe product is recommended for women who care about their looks as an agent enhancing appearance of the skin\r\n\r\nDosage\r\nRecommended use: 1 capsule a day between meals.\r\n\r\nDo not exceed the recommended daily dose.\r\nFood supplements should not be used as a substitute for a varied and balanced diet.\r\nA varied and balanced diet and a healthy lifestyle are recommended.\r\nKeep out of reach of children.',19.00,11,1,0.00,'2025-04-14 17:56:41','2025-04-14 17:56:41'),(243,'Calcium D3 Forte','Product description\r\nCALCIUM D3 Forte is a food supplement in the form of film-coated tablets, containing a high dose of calcium and vitamin D – components having a synergistic action important in many processes in the body.\r\n\r\nScientific studies have proved that:\r\n\r\nCalcium:\r\n\r\nis needed for the maintenance of normal teeth\r\ncontributes to normal energy-yielding metabolism\r\ncontributes to normal neurotransmission\r\ncontributes to normal muscle function\r\ncontributes to the normal function of digestive enzymes\r\ncontributes to normal blood coagulation\r\nVitamin D:\r\n\r\ncontributes to normal absorption/utilisation of calcium and phosphorus\r\ncontributes to normal blood calcium levels\r\ncontributes to the maintenance of normal bones and teeth\r\nhas a role in the process of cell division- contributes to the maintenance of normal muscle function\r\ncontributes to the normal function of the immune system\r\nAn adequate content of calcium and vitamin D in the diet is especially important during the period of rapid growth and achieving peak bone mass, during pregnancy and lactation, after fractures and injuries, as well as for women during menopause and for the elderly, in whom bone resorption processes prevail the processes of bone formation. It is noteworthy that the amount of vitamin D obtained from in-body synthesis undergoes significant fluctuations depending on exposure to sunlight, which might result in limited supply due to low sun exposure. contributes to normal absorption/utilisation of calcium and phosphorus contributes to normal blood calcium levels contributes to the maintenance of normal bones and teeth has a role in the process of cell division- contributes to the maintenance of normal muscle function contributes to the normal function of the immune system An adequate content of calcium and vitamin D in the diet is especially important during the period of rapid growth and achieving peak bone mass, during pregnancy and lactation, after fractures and injuries, as well as for women during menopause and for the elderly, in whom bone resorption processes prevail the processes of bone formation. It is noteworthy that the amount of vitamin D obtained from in-body synthesis undergoes significant fluctuations depending on exposure to sunlight, which might result in limited supply due to low sun exposure.\r\n\r\nIngredients\r\nNutritional information\r\n1 capsule\r\nCalcium\r\n625 mg (78%*)\r\nVitamin D\r\n10 µg (200%*)\r\n*NRV - nutrient reference value.\r\n\r\nIngredients\r\nIngredients: Calcium carbonate, glazing agents – Polyvinyl alcohol, Polyethylene glycol, Talc; anti-caking agent – Magnesium stearate, bulking agent – crosslinked Sodium carboxymethyl cellulose, Cholecalciferol – Vitamin D.\r\n\r\nThe maximum calcium intake from all sources for adults, including pregnant and breastfeeding women, is 2500 mg (milligrams) per day. The safe maximum vitamin D intake from all sources for adults and children over 11 years of age is 100 µg (micrograms) per day, and for children from 1 year to 10 years it is 50µg.\r\n\r\nPurpose\r\nProduct is intended: as a food supplement, providing daily demand for calcium and vitamin D.\r\n\r\nDosage\r\nRecommended use: : 1-2 tablets a day, after a meal, or according to your physician’s recommendation. Tablets should be taken with an adequate amount of water.\r\n\r\nDo not exceed the stated recommended daily dose. Food supplements should not be used as a substitute for a varied and balanced diet. Excessive consumption may cause a laxative effect. Keep out of reach of children. A varied and balanced diet and a healthy lifestyle are recommended.\r\n\r\nContraindications: Hypersensitivity to any of the ingredients. In the case of nephrolithiasis, kidney failure and hyperparathyroidism, the use of this product should be made in consultation with physician. Do not use together with other products with a high content of calcium and vitamin D. Not recommended to young children due to the risk of choking',15.00,11,1,0.00,'2025-04-14 18:19:49','2025-04-14 18:19:49'),(244,'Kolagen Activ Plus','DESCRIPTION\r\nIndication:\r\nKolagen Activ Plus is a food supplement with collagen, vitamins and minerals. Formulated with minerals such as calcium and magnesium to maintain normal bones, cartilage and skin.\r\n\r\nHow To Use:\r\nTake 4 tablets, 2 times a day between meals.\r\n\r\nFamilialist\'s Recommendation:\r\nHighly recommended, Collagen hydrolysate a natural component of the skin that helps the skin to preserve its firmness and elasticit.\r\n\r\n80 TABLETS',20.00,11,1,0.00,'2025-04-14 18:23:26','2025-04-14 18:23:26'),(245,'BioTechUSA L-Arginine 300 g','DESCRIPTION\r\nIndication:\r\nImproves blood flow, vascularity and endurance.\r\nIncrease the level of testosterone and Growth hormone.Enhance muscle recover \r\n\r\nHow to use:\r\nMix 1 serving of powder (4 g = 2 flat measuring spoon = half a tablespoon) with \r\n250 ml water. Take 2 servings a day, one 30 minutes before workout.\r\n\r\nOn rest days drink the powder before going to sleep.\r\n\r\nFor best result, use a shaker bottle.\r\n\r\nDo not exceed recommended daily allowance\r\n \r\n Size: 150 Servings',35.00,6,0,0.00,'2025-04-15 16:59:02','2025-05-14 16:37:15'),(246,'Universal Beef Aminos 400 tablets','100% Beef Aminos™ is a high potency, natural product derived from the highest quality beef protein isolate and pure desiccated Argentine beef liver. This superior nutritional product contains a full spectrum of key amino acids (EAAs & BCAAs). This formula harnesses the true anabolic potential of beef and is ideal support for anyone looking to add lean mass.',35.00,6,1,0.00,'2025-04-19 15:56:53','2025-04-19 15:56:53'),(247,'Russian Bear Gainer','RUSSIAN BEAR 10000 – GUARANTEE YOUR MONSTER RESULTS BY GAINING TRUE MASS\r\nRussian Bear Nutrition, known as “The Home of Hardcore Supplements”, develops its products since 1990 for hardcore bodybuilders, who aim for massive muscle mass and triple muscle growth.\r\n\r\nFor Russian Bear, Bodybuilders’ satisfaction is the ultimate goal, which the brand thrives to achieve through its innovative products designed by state-of-the-art facilities by scientists, technicians and trainers. The brand keeps delivering what it has promised from products that deliver massive muscle gains, triple muscle growth and high testosterone levels for ultimate gains.\r\n\r\nMassive muscle gains and bulking up don’t just simply happen. You need an advanced formula that is enriched with high-quality protein, complex carbohydrates and essential vitamins and minerals. Russian Bear 10000 Weight Gainer is a protein-based weight gaining formula that will provide you with massive muscle and weight gains.\r\n\r\nIncreased caloric intake can’t always be obtained from food, especially for bulking up and weight gain. Each scoop of Russian Bear 10000 Weight Gainer grants you 1860 calories, which could double your muscle mass during bulking up stages. The ultimate weight gainer also contains 118g of high-quality protein, to fulfill each and every athlete’s needs of protein supplementation.\r\n\r\nIn addition to the perfect amount of calories and protein, Russian Bear 10000 Weight Gainer provides 81g of amino acids that are enough to prepare you for your next workout with recovered muscles, to give your all at the gym and achieve more gains.\r\n\r\nWe know how hard you train, and want to give you the gains you deserve. So don’t hesitate when it comes to weight and muscle mass gains, and try Russian Bear 10000 Weight Gainer Now!\r\n\r\nDIRECTIONS\r\nMix 6 scoops (470g) of Russian Bear 10000 (each scoop is 78.3g x 6 = 470g) with 750 ml skimmed milk or water or your favorite juice.\r\nEach scoop can be mixed with 150 ml -200 ml. You can mix 1-2 scoops in the morning (78.3g-156.6g), 1-2 scoops in the afternoon (78.3g-156.6g) and 1-2 scoops after workout (78.3g-156.6g).\r\nPlease don’t exceed 6 scoops per day and make sure to drink at least 1.5 liter of water during the day.\r\n\r\nIngredients\r\nMaltodextrin, waxy maize, fructose, l-glycine, creatine monohydrate, l-glutamine, l-leucine, l-isoleucine, l-valine, creatine ethyl ester, whey protein concentrate, whey protein isolate, micellar casein, milk protein isolate, sunflower and/or soy oil powder, conjugated linoleic acid powder, medium chain triglycerides (from coconut), cocoa powder, gum blend (cellulose, xanthan, carrageenan), natural and artificial flavours, natural bitter masker, acesulfame potassium (e950), sucralose (e955).',80.00,4,1,0.00,'2025-04-19 16:33:43','2025-04-19 16:33:43'),(248,'Essential Amino 9','When it comes to supporting muscle building and maintenance, these nine \"essential\" amino acids are aptly titled. Since they can\'t be synthesized within our bodies, they must be obtained through nutritional sources. Essential Amino 9 delivers 7.5g of essential amino acids in every serving, plus added electrolytes for hydration.',30.00,6,1,0.00,'2025-05-07 19:21:07','2025-05-07 19:21:07'),(249,'Nature\'s Truth Biotin 10000mcg | 120 Fast Dissolve Tablets | Maximum Strength | Natural Berry Flavor | Vegan, Non-GMO & Gluten Free Supplement','About this item\r\nMAXIMUM STRENGTH BIOTIN: Receive 10,000 mcg of Biotin, an essential B Vitamin\r\nVEGAN FORMULA: Fast dissolve tablets are a delicious natural berry flavor\r\nHONEST & TRANSPARENT: Nature’s Truth is committed to delivering the best quality wellness products\r\nMADE WITHOUT: Gluten, Yeast, Milk, Lactose, Soy, Artificial Flavor, Preservatives, and Non-GMO',25.00,11,1,0.00,'2025-05-07 19:28:57','2025-05-22 15:56:19'),(250,'Nature\'s Truth D3 1000 IU | 250 Softgels | Essential Vitamin D | Non-GMO & Gluten Free Supplement','About this item\r\nESSENTIAL VITAMIN D3: Receive 1,000 IU or 25 mcg of Vitamin D (as D3 Cholecalciferol) each day\r\nVALUE SIZE: Each bottle contains 50 more quick release softgels than the standard bottle\r\nHONEST & TRANSPARENT: Nature’s Truth is committed to delivering the best quality wellness products\r\nNATURALLY FREE OF: Gluten, Wheat, Yeast, Milk, Lactose, Soy, Artificial Color, Flavor, Sweetener & Preservatives, and Non-GMO',23.00,11,1,0.00,'2025-05-07 19:42:46','2025-05-22 16:27:30'),(252,'Nature\'s Truth Vitamin D3 2000 IU Softgels | 150 Count | High Potency | Non-GMO and Gluten Free Supplement','About this item\r\nVITAMIN D3 SUPPLEMENT: Delivers 50 mcg (2000 IU) per softgel\r\nSUNSHINE VITAMIN: Get your daily dose of Vitamin D3 with Nature\'s Truth premium supplement!\r\nPURITY & POTENCY: Nature\'s Truth delivers high-quality ingredients tested for purity and potency.\r\nNATURE\'S TRUTH SUPPLEMENTS: Backed by three generations of Vitamin Innovators for unrivaled quality\r\nNATURALLY FREE OF: Gluten, Wheat, Yeast, Milk, Lactose, Soy, Artificial Color & Flavoring & NON-GMO',25.00,11,1,0.00,'2025-05-07 19:50:21','2025-05-22 16:41:44'),(253,'Nature\'s Truth Vitamin B Complex | Plus B12 | 90 Tablets | High Potency | Vegan and Non-GMO Supplement','About this item\r\nB-COMPLEX VITAMINS: Receive the daily recommended amount of Vitamin B-1, B-2 & B-12.\r\nVEGAN TABLETS: Easy-to-take tablets are vegan friendly, suitable for all lifestyles.\r\nHONEST & TRANSPARENT: Nature’s Truth is committed to delivering the best quality wellness products.\r\nEXPERTS YOU CAN TRUST: Backed by three generations of Vitamin Innovators for unrivaled quality.\r\nMADE WITHOUT: Milk, Lactose, Soy, Artificial Color, Sweetener & Flavor, and Non-GMO.',18.00,11,1,0.00,'2025-05-07 19:53:37','2025-05-22 16:44:50'),(254,'Nature\'s Truth Vitamin B Complex Plus Vitamin C | 100 Caplets | Vegan, Non-GMO & Gluten Free Supplement','About this item\r\nCOMPLETE COMPLEX: Features a balanced blend of B Vitamins plus Vitamin C for maximum support!\r\nOPTIMAL FORM: Our Coated Caplets make it super convenient to receive 100% of your daily value\r\nPURITY & POTENCY: Nature\'s Truth delivers high-quality ingredients tested for purity and potency\r\nEXPERTS YOU CAN TRUST: Backed by three generations of Vitamin Innovators for unrivaled quality\r\nNATURALLY FREE OF: Gluten, Wheat, Yeast, Milk, Lactose, Artificial Flavor & Sweetener & NON-GMO',18.00,11,1,0.00,'2025-05-07 19:55:56','2025-05-22 16:46:48'),(255,'Nature\'s Truth Longjack Tongkat Ali | 1600mg | 120 Capsules | Max Strength Formula for Men | Non-GMO & Gluten Free Supplement','What Is Longjack Tongkat Ali?\r\n\r\nLongjack Tongkat Ali is a traditional herb that is derived from the root of Eurycoma longifolia Jack, a flowering green shrub that is native to southeast Asia. Also known as “Tongkat Ali,” this herb has been widely revered by men for centuries, with diverse cultures finding it valuable for their encounters.\r\n\r\nNature’s Truth Longjack Tongkat Ali Capsules\r\n\r\nThese concentrated quick release capsules deliver the equivalent of 1,600 mg of Longjack per serving, from 80 mg of a 20:1 extract.** This maximum strength male formula provides quality plant-based support that is not usually found in large amounts within typical diets. Men all over the world have taken Tongkat Ali in anticipation of crucial moments.\r\n\r\nNature’s Truth: Where Wellness Begins\r\n\r\nOur mission at Nature’s Truth is to meet your wellness needs with products that go above and beyond. Nature’s Truth provides supplements in various delivery forms, such as capsules, softgels, chewables, tablets, powders, liquids, and gummies to suit every preference. Our Longjack Tongkat Ali capsules are non-GMO, and free of gluten, wheat, yeast, milk, lactose, soy, artificial color, artificial flavor, artificial sweetener, and preservatives.\r\n\r\n**Equivalent from 80 mg of 20:1 extract per serving.\r\n\r\nDirections: For adult men, take two (2) quick release capsules daily, preferably with a meal.',30.00,7,1,0.00,'2025-05-07 20:07:07','2025-05-07 20:07:07'),(256,'Women\'s Multivitamin with Collagen 70 Gummies','What Are Multivitamins?\r\n\r\nMultivitamins are comprised of multiple vitamins, minerals, and nutrients in the convenience of one formula. Taking a multivitamin each day is a wonderful and simple way to be proactive in your daily routine. \r\n\r\nNature’s Truth Women’s Multivitamin Gummies\r\n\r\nNature’s Truth Women’s Multivitamin Gummies are a convenient way to reap the benefits of an array of vitamins and minerals in one easy-to-take formula. Each serving contains a blend of 10 vitamins and minerals in delicious mixed berry-flavored gummies. Formulated specifically for women, these gummies include collagen – a favorite ingredient among beauty supplements.\r\n\r\nNature’s Truth: Where Wellness Begins\r\n\r\nOur mission at Nature’s Truth is to meet your wellness needs with products that go above and beyond. Nature’s Truth provides supplements in various delivery forms, such as capsules, softgels, chewables, tablets, powders, liquids, and gummies to suit every preference. Our Women’s Multivitamin plus Collagen is non-GMO, and free of gluten, wheat, yeast, milk, lactose, soy, and artificial sweetener.\r\n\r\nDirections: For adults, take two (2) gummies daily, preferably with a meal. Do not exceed recommended dosage.',30.00,11,1,0.00,'2025-05-07 20:09:24','2025-05-07 20:09:24'),(257,'Animal Stak','Animal Stak is a comprehensive, natural, anabolic, performance supplement designed to help men build lean muscle. The supplement is packed with five unique complexes to boost natural testosterone levels and support growth hormone (GH) elevation giving you increased muscle mass, strength, energy, and vitality.\r\nNaturally enhance output of testosterone while lowering estrogen levels\r\nIncreased muscle mass, endurance, strength, energy, and vitality\r\nBetter pump, improved blood flow, and stronger muscles\r\nAnimal Stak is developed for the bodybuilder and elite strength athlete that is looking to break through plateaus and personal records. Our formula includes five unique complexes that will help you boost natural testosterone levels and elevated growth hormone support to give you increased muscle mass, strength, energy, and vitality including:\r\nPro Testosterone Complex is packed with Tribulus Terrestris extract, eurycoma longifolia, maca root extract and more to help take your natural testosterone levels and amplify them.\r\nAromatase Combating Complex that includes, Resveratrol, DIM and calcium D-glucarate, and may help support healthy estrogen levels so you don’t experience side effects related to heightened testosterone levels.\r\nGrowth Hormone Support is the complex that directly involves your body’s natural growth hormone output to give you a better pump and improved blood flow along with increased muscle fullness and better body composition.\r\nHormone Amplifying Blend includes Carnitine, Agmatine Sulfate and Astaxanthin among other ingredients to enhance testosterone and the growth hormone\r\nlevels.\r\nRestorative Support Complex which contains a key blend of milk thistle extract, astragalus, ashwagandha extract, alpha lipoic acid and Co-Q10 to provide internal organ support.\r\nThrough these five unique complexes, Animal Stak will push you closer to your goals of obtaining size and strength, while helping to elevate natural testosterone and growth hormone levels to help you build lean muscle.',45.00,7,1,0.00,'2025-05-22 15:05:51','2025-05-22 15:05:51'),(258,'Animal Flex The Complete Joint Support Supplement','The award-winning joint support supplement pack that helps repair, protect, and maintain joint health and function. Animal Flex rebuilds and lubricates joints with Glucosamine, Chondroitin, MSM, and a full complex of joint health ingredients including hyaluronic acid and flaxseed oil. Available in convenient all-in-one pill packs and great tasting powders.\r\nProtect and repair joints with Glucosamine, Chondroitin and MSM\r\nComprehensive joint health matrix improves joint function, elasticity, flexibility\r\nAvailable in convenient all-in-one daily pill packs and great tasting powders\r\nAlso available in delicious tasting powders.\r\nAnimal Flex helps strengthen joints and ligaments, shielding them from the daily wear and tear brought about rigorous training, regardless of the sport. The ingredients in Animal Flex can help maintain healthy joint function, elasticity, and flexibility with active ingredients that provide the basic building blocks that are required to maintain human structural integrity to keep your body’s foundation strong\r\nEach pack of Animal Flex is formulated with several key protective complexes for joint health:\r\nJoint Construction Complex is a potent formula to help repair and protect connective tissue. As a joint \'constructor\', Animal Flex provides joints with essential raw materials such as glucosamine (two forms), MSM, and chondroitin. These nutrients aid in the rebuilding of cartilage and naturally protect and restore joint health while strengthening the underlying cartilage and connective tissue.\r\nJoint Lubrication Complex to help cushion the joints from stressful activities and is formulated with Hyaluronic acid (HA), patented cetyl myristoleate (CMO), and flaxseed oil to provide the lubricant needed to coat your joints and protect them from the constant grind of training excess and resulting stiffness. These potent joint lubricators naturally restore the oils present in the synovial fluid to make joints work smoothly and painlessly.\r\nJoint Support Complex to help promote rehabilitation and reduce soreness utilizes potent natural herbal extracts to help address the free radical load— a consequence of inflammation of the joints. Herbs and extracts like turmeric, boswellia and ginger root have been shown to help inhibit pro-inflammatory metabolites, which leads to a strong and prolonged anti-inflammatory effect which is critical for maintaining pain free joints.\r\nEssential Vitamin and Mineral Blend to underscore optimal joint health is specialized to provide the basic essential micro-nutrients needed for joint health including Vitamins C, E, zinc, selenium and manganese.\r\nWhether you’re a lifter, runner, cross fitter or fighter, your joints take a pounding from your rigorous workout regime and can ache just from everyday life. Just take one pill packet of Animal Flex per day to help protect, repair and restore your joints and cartilage. Flex is also available in great tasting powders.',45.00,11,1,0.00,'2025-05-22 15:12:41','2025-05-22 15:12:41'),(259,'Animal Flex','Joint and Bone health support formula\r\nAnimal Flex, the award-winning joint support supplement, helps repair, protect, and maintain joint and bone health and function in a great tasting powder. Animal Flex rebuilds and lubricates joints. With additional ingredients such as Glucosamine, Chondroitin, MSM, and a complete blend including turmeric root curcumin, collagen, hyaluronic acid, and ginger root. Available in great tasting powders and convenient all-in-one pill packs.\r\nProtect and repair joints\r\n44 Packets\r\nComprehensive joint health matrix improves joint function, elasticity, flexibility\r\nSo effective that you only need a single Pack per day \r\nYou may also like',45.00,11,1,0.00,'2025-05-22 15:16:03','2025-05-22 15:16:03'),(260,'TruFule HMB 120 Tablet','HMB stands for beta-Hydroxy \r\nbeta-Methylbutyrate. it\'s a natural compound produced in the body when the amino Leucine is broken down. Leucineis one of the essential amino acid found in dietary proteins. \r\n   Reduce muscle breakdown \r\n   Supports muscle growth \r\n   Improves recovery \r\n   Increase strength',25.00,6,1,0.00,'2025-05-22 15:36:09','2025-05-22 15:36:09'),(261,'Nature\'s Truth Vitamin D3 5000 IU (125 mcg) | Extra Strength 130 Quick Release Softgels','Vitamin D3 is an essential vitamin that is known as the “Sunshine Vitamin” because of the body’s ability to naturally produce it after exposure to sunlight. Vitamin D3 is beneficial especially to those who spend a lot of time indoors or those who wear sunscreen regularly to protect their skin while outdoors.',27.00,11,1,0.00,'2025-05-22 16:36:45','2025-05-22 16:36:45'),(262,'Nature\'s Truth Fishoil 90 softgels 720mg','FISH OIL: Receive 2,400 mg of Fish Oil per serving, which includes 720 mg of Omega-3 fatty acids\r\nODORLESS FORMULA: These lemon flavored softgels combat fish burps\r\nHONEST & TRANSPARENT: Nature’s Truth is committed to delivering the best quality wellness products\r\nEXPERTS YOU CAN TRUST: Backed by three generations of Vitamin Innovators for unrivaled quality\r\nNATURALLY FREE OF: Gluten, Wheat, Milk, Lactose, Artificial Sweetener & Color, and Non-GMO',25.00,11,1,0.00,'2025-05-26 20:50:09','2025-05-26 20:50:09'),(263,'Celltech Creactor HCL 120 servings','Maximum Potency Creatine: MuscleTech Cell-Tech Creactor is science-backed, delivering potent micro-doses of creatine and creatine hydrocholoride (HCl) for an enhanced experience. Unflavored. 120 scoops per tub.\r\nAdvanced Formula: Creatine is found naturally in muscles and enhances their ability to regenerate ATP so you can recover faster. Each serving delivers 750MG of ultra-pure HCl and 750MG of free-acid creatine, the purest form free of acids and salts.\r\nEnhance Lean Muscle, Strength & Performance: Cell-Tech Creactor is formulated to increase muscle strength, increase performance and enhance size with just two super-concentrated scoops a day.\r\nUltra-Pure Ingredients: Cell-Tech Creator delivers free-acid creatine with absolutely zero fillers, carbs or fats — so you never have to load or cycle it.\r\nPushing the Limits of Science and Human Potential: MuscleTech’s commitment to research, development, and innovation is the reason we continue to be an elite name for redefining performance through cutting-edge products and high-quality ingredients.',35.00,3,1,0.00,'2025-05-26 20:55:08','2025-05-26 20:55:08'),(264,'RED REX CREATINE 5000MG UNFLAVORED','Description\r\n\r\nBig Ramy Labs Red Rex Creatine\r\nCreatine monohydrate is a popular dietary supplement that is widely used by athletes and bodybuilders to enhance their physical performance and build muscle mass.\r\n\r\nComposition\r\nCreatine Monohydrate is a naturally occurring compound that is found in small amounts in animal products such as meat and fish.\r\n\r\nIt is also synthesized in the body from the amino acids glycine, arginine, and methionine. Creatine monohydrate is typically sold in powder form and is intended to be mixed with water or a sports drink.\r\n\r\nIngredients\r\nEach scoop contains 5 gm of pure Creatine Monohydrate.\r\n\r\nAllergen Warning\r\nMade in a facility that processes milk, soy, egg, sesame, peanuts, tree nuts, fish, crustaceans, shellfish oils, and wheat products.\r\n\r\nDirections of Use\r\nMix 1 scoop with 237 to 355 ml of water or your favorite beverage.\r\n\r\nDo not exceed the recommended daily dose.\r\n\r\nPurpose\r\nCreatine monohydrate can help to increase muscle mass by promoting the growth of muscle fibers.\r\nCreatine monohydrate can improve athletic performance by increasing the amount of energy available to the muscles during high-intensity activities.\r\nCreatine monohydrate can help to reduce fatigue during high-intensity activities by increasing the levels of creatine phosphate in the muscles.\r\nCreatine monohydrate can help to improve recovery by reducing muscle damage and inflammation after exercise.',20.00,3,1,0.00,'2025-05-26 21:00:03','2025-05-26 21:00:03'),(265,'Cellucor C4 Original Pre-workout 50 Servings','C4 Original Pre-workout 50 Servings New & Improved\r\nReady to crush your fitness goals? The new and improved C4 Original Pre-workout formula is your secret weapon for every workout. We have elevated our classic blend, now featuring 200mg of caffeine for explosive energy and 2g of CarnoSyn® Beta-Alanine to boost muscular endurance, helping you power through even the toughest sets. Our powerful trio of L-Citrulline, L-Arginine, and Creatine Nitrate enhances nitric oxide production for incredible pumps and strength. Plus, with AI-powered PeptiPump®—exclusive to C4—for improved performance and enhanced focus from Huperzine A, the revamped C4 Original formula will keep you hitting every rep as hard as the first!\r\n\r\nC4 Original Pre-workout Key Features:\r\nHARD HITTING ENERGY ™: Amp up your gym session with 200mg of caffeine for powerful, explosive energy.*\r\nMUSCULAR ENDURANCE^: Tackle your most challenging workouts with CarnoSyn® Beta-Alanine for enhanced endurance support.*\r\nAI-POWERED PEPTIDES: PeptiPump® is a designer peptide powered by AI, available exclusively in C4.*\r\nSHARPENED FOCUS: Maintain your concentration from the first rep to the last with the combined power of Huperzine A and caffeine.*\r\nDELICIOUS FLAVOR: With billions of servings sold, C4® has set the benchmark for outstanding taste for over a decade.\r\nC4: With 20 years of sports nutrition experience, we’ve elevated the standard with our innovative range of supplements.\r\nC4 Pre-workout Ingredients:\r\n200mg Caffeine: Intense Energy & Enhanced Focus.\r\nVelox® Performance Blend: A patented combination of L-Citrulline and L-Arginine designed to support performance, pump, and recovery.\r\nCreatine Nitrate ( NO3-T®): Enhances pump and boosts training performance. \r\nCarnoSyn® Beta-Alanine: Clinically studied ingredient that helps support muscular endurance and combat muscular fatigue. \r\nPeptiPump® Bioactive Lentil Peptides: Combined with VELOX® Performance Blend and Creatine Nitrate to enhance pump and improve training performance.\r\nHuperzine A: In conjunction with caffeine, supports enhanced Focus.',35.00,9,1,0.00,'2025-05-27 14:55:27','2025-05-27 14:55:27'),(266,'MUSCLTECH 100% GLUTAMINE 60 SERVINGS','About this item\r\nFor Muscle Metabolism & Recovery: MuscleTech Platinum 100% Glutamine powder replenishes what\'s lost during intense exercise. Glutamine is an essential amino acid that supports metabolic function and recovery. Unflavored. 60 servings.\r\nUltra-Pure Ingredients: Each serving contains 5g of premium glutamine with no fillers or additives. Platinum 100% Glutamine is odorless, mixes easily on its own, and with no flavor, it seamlessly fits into your supplement routine.\r\nRestore & Replenish Plasma Glutamine: Glutamine makes up over 20% of your body\'s amino acids and is used in various metabolic functions like energy production. Platinum 100% Glutamine is designed to help replenish what is lost during intense training.\r\nDirections: Take 1 scoop with water or your favorite beverage. Consume 2 servings daily for best results.\r\nPushing the Limits of Science and Human Potential: MuscleTech’s commitment to research, development, and innovation is the reason we continue to be an elite name for redefining performance through cutting-edge products and high-quality ingredients.',30.00,6,1,0.00,'2025-05-27 15:02:33','2025-05-27 15:02:33'),(267,'MR HYDE NIGHTMARE','HYDE® Nightmare is a pre-workout powder, formulated for high-performance athletes who endure an excessive amount of physical and mental stress. Driven by clinically researched ingredients to improve muscular and mental performance, HYDE® Nightmare also replenishes lost fluids during rigorous activity.',28.00,9,1,0.00,'2025-05-27 15:11:30','2025-05-27 15:11:30');
/*!40000 ALTER TABLE `products` ENABLE KEYS */;
UNLOCK TABLES;

--
-- Table structure for table `reviews`
--

DROP TABLE IF EXISTS `reviews`;
/*!40101 SET @saved_cs_client     = @@character_set_client */;
/*!40101 SET character_set_client = utf8mb4 */;
CREATE TABLE `reviews` (
  `id` bigint(20) unsigned NOT NULL AUTO_INCREMENT,
  `product_id` bigint(20) unsigned NOT NULL,
  `name` varchar(191) NOT NULL,
  `message` text NOT NULL,
  `rating` tinyint(3) unsigned NOT NULL,
  `created_at` timestamp NULL DEFAULT NULL,
  `updated_at` timestamp NULL DEFAULT NULL,
  PRIMARY KEY (`id`),
  KEY `reviews_product_id_foreign` (`product_id`),
  CONSTRAINT `reviews_product_id_foreign` FOREIGN KEY (`product_id`) REFERENCES `products` (`id`) ON DELETE CASCADE
) ENGINE=InnoDB AUTO_INCREMENT=8 DEFAULT CHARSET=utf8mb4 COLLATE=utf8mb4_unicode_ci;
/*!40101 SET character_set_client = @saved_cs_client */;

--
-- Dumping data for table `reviews`
--

LOCK TABLES `reviews` WRITE;
/*!40000 ALTER TABLE `reviews` DISABLE KEYS */;
INSERT INTO `reviews` VALUES (4,79,'Jad','This is an amazing product',5,'2024-08-25 03:51:37','2024-08-25 03:51:37'),(5,33,'Jad omar','Exellent',5,'2024-09-13 03:35:00','2024-09-13 03:35:00'),(6,45,'Kazem','Raw3a',5,'2024-09-15 23:30:07','2024-09-15 23:30:07'),(7,203,'Emmanuel','This product caused me diarrhoea and abdominal pain',1,'2025-04-03 06:53:44','2025-04-03 06:53:44');
/*!40000 ALTER TABLE `reviews` ENABLE KEYS */;
UNLOCK TABLES;

--
-- Table structure for table `sessions`
--

DROP TABLE IF EXISTS `sessions`;
/*!40101 SET @saved_cs_client     = @@character_set_client */;
/*!40101 SET character_set_client = utf8mb4 */;
CREATE TABLE `sessions` (
  `id` varchar(191) NOT NULL,
  `user_id` bigint(20) unsigned DEFAULT NULL,
  `ip_address` varchar(45) DEFAULT NULL,
  `user_agent` text DEFAULT NULL,
  `payload` longtext NOT NULL,
  `last_activity` int(11) NOT NULL,
  PRIMARY KEY (`id`),
  KEY `sessions_user_id_index` (`user_id`),
  KEY `sessions_last_activity_index` (`last_activity`)
) ENGINE=InnoDB DEFAULT CHARSET=utf8mb4 COLLATE=utf8mb4_unicode_ci;
/*!40101 SET character_set_client = @saved_cs_client */;

--
-- Dumping data for table `sessions`
--

LOCK TABLES `sessions` WRITE;
/*!40000 ALTER TABLE `sessions` DISABLE KEYS */;
INSERT INTO `sessions` VALUES ('01zlmuP2JLuhwJeT1hbh4G1FUBoUS4m92kRJpljg',NULL,'185.76.176.64','Mozilla/5.0 (iPhone; CPU iPhone OS 18_4_1 like Mac OS X) AppleWebKit/605.1.15 (KHTML, like Gecko) Mobile/22E252 Instagram 381.1.2.26.83 (iPhone14,3; iOS 18_4_1; en_US; en; scale=3.00; 1284x2778; IABMV/1; 737297623) NW/3','YTozOntzOjY6Il90b2tlbiI7czo0MDoiaXM1UlRNVkxVYXEyMHlyQUJSNURYZVVMMnNsSHlzajJ2anliQjFVUSI7czo5OiJfcHJldmlvdXMiO2E6MTp7czozOiJ1cmwiO3M6MTAyOiJodHRwczovL3N1cHBsZW1lbnQtc3RhdGlvbi5jb20vU2hvcD9fdG9rZW49aXM1UlRNVkxVYXEyMHlyQUJSNURYZVVMMnNsSHlzajJ2anliQjFVUSZjYXRlZ29yeS1zaWRlYmFyPTIiO31zOjY6Il9mbGFzaCI7YToyOntzOjM6Im9sZCI7YTowOnt9czozOiJuZXciO2E6MDp7fX19',1748614420),('b3ooPPR5PtfOYgGN1yn6VJmEiDZTCuHgbzxx3N3s',NULL,'213.204.95.227','Mozilla/5.0 (Windows NT 10.0; Win64; x64) AppleWebKit/537.36 (KHTML, like Gecko) Chrome/136.0.0.0 Safari/537.36 Edg/136.0.0.0','YTozOntzOjY6Il90b2tlbiI7czo0MDoiUUJSNWpMSGNENmp6T29ydlJWSllQUGVtcm5FajZTeFhQc2pHZXJncCI7czo5OiJfcHJldmlvdXMiO2E6MTp7czozOiJ1cmwiO3M6Mzk6Imh0dHBzOi8vc3VwcGxlbWVudC1zdGF0aW9uLmNvbS92aWV3Q2FydCI7fXM6NjoiX2ZsYXNoIjthOjI6e3M6Mzoib2xkIjthOjA6e31zOjM6Im5ldyI7YTowOnt9fX0=',1748603726),('bZdjPJnTCpHFyviMLR9RjWtMO4Oq6JTpKepJTc20',NULL,'213.204.95.227','Mozilla/5.0 (iPhone; CPU iPhone OS 18_5 like Mac OS X) AppleWebKit/605.1.15 (KHTML, like Gecko) Version/18.5 Mobile/15E148 Safari/604.1','YTozOntzOjY6Il90b2tlbiI7czo0MDoiOU5mYzlTUFFJSEszM2ZDVWM3ZW9pRmx1N0tJTTdwQVJOaFQ0M2R5WiI7czo5OiJfcHJldmlvdXMiO2E6MTp7czozOiJ1cmwiO3M6MzA6Imh0dHBzOi8vc3VwcGxlbWVudC1zdGF0aW9uLmNvbSI7fXM6NjoiX2ZsYXNoIjthOjI6e3M6Mzoib2xkIjthOjA6e31zOjM6Im5ldyI7YTowOnt9fX0=',1748603900),('DaHlmU9UKveoTG5zhZtIc517eY4QYUzYMTPvNEzW',NULL,'213.204.95.227','Mozilla/5.0 (Linux; Android 10; K) AppleWebKit/537.36 (KHTML, like Gecko) Chrome/137.0.0.0 Mobile Safari/537.36','YTozOntzOjY6Il90b2tlbiI7czo0MDoiMTdURXdkVjd3TmFUMk1hQUF0ZGdoNllrN1NlZGNQaGtrdm9SNUNrOCI7czo5OiJfcHJldmlvdXMiO2E6MTp7czozOiJ1cmwiO3M6MzA6Imh0dHBzOi8vc3VwcGxlbWVudC1zdGF0aW9uLmNvbSI7fXM6NjoiX2ZsYXNoIjthOjI6e3M6Mzoib2xkIjthOjA6e31zOjM6Im5ldyI7YTowOnt9fX0=',1748603770),('eAdj0vUGmdw7fRGsrYwvWXZOqP6Fy9TprazoIE9R',NULL,'185.76.177.70','Mozilla/5.0 (Linux; Android 10; K) AppleWebKit/537.36 (KHTML, like Gecko) Chrome/136.0.0.0 Mobile Safari/537.36','YToyOntzOjY6Il90b2tlbiI7czo0MDoibktpUEJHZTg0U1N0MUd0SVNiM1dFRVhzSGdqb0c3ZFNIQmJ5eHc2cCI7czo2OiJfZmxhc2giO2E6Mjp7czozOiJvbGQiO2E6MDp7fXM6MzoibmV3IjthOjA6e319fQ==',1748603401),('FSObSURfpjTsY1b5bmdnatAXdxNSfkZYYSo12FuC',NULL,'119.8.27.190','Mozilla/5.0 (Windows NT 10.0; Win64; x64) AppleWebKit/537.36 (KHTML, like Gecko) Chrome/101.0.4951.64 Safari/537.36 Edg/101.0.1210.47','YTozOntzOjY6Il90b2tlbiI7czo0MDoiNWIyYjJZdWp1cnRTUHFLS0JZT2JPWGhsQ0RyMldsUnBXdXExeU1ReSI7czo5OiJfcHJldmlvdXMiO2E6MTp7czozOiJ1cmwiO3M6NDM6Imh0dHBzOi8vc3VwcGxlbWVudC1zdGF0aW9uLmNvbS9wcm9kdWN0cy8yMzQiO31zOjY6Il9mbGFzaCI7YToyOntzOjM6Im9sZCI7YTowOnt9czozOiJuZXciO2E6MDp7fX19',1748616888),('gLmwxYgbRgXeVQrF1cPk2lctL4swwvYRgFd0A7UP',NULL,'124.243.171.120','Mozilla/5.0 (Windows NT 10.0; Win64; x64) AppleWebKit/537.36 (KHTML, like Gecko) Chrome/101.0.4951.64 Safari/537.36 Edg/101.0.1210.47','YTozOntzOjY6Il90b2tlbiI7czo0MDoiMlRRcEFETFhZSGJiNFdrOWp1SU5oTkx3aFVBQUxnZ1lxMW9wYUN5WiI7czo5OiJfcHJldmlvdXMiO2E6MTp7czozOiJ1cmwiO3M6NDM6Imh0dHBzOi8vc3VwcGxlbWVudC1zdGF0aW9uLmNvbS9wcm9kdWN0cy8yMzYiO31zOjY6Il9mbGFzaCI7YToyOntzOjM6Im9sZCI7YTowOnt9czozOiJuZXciO2E6MDp7fX19',1748605146),('IFcRZPkv3PQ0K2As82jEu6yosknGdl5Y7LqmSHvF',NULL,'101.44.24.85','Mozilla/5.0 (Macintosh; Intel Mac OS X 10_15_7) AppleWebKit/537.36 (KHTML, like Gecko) Chrome/120.0.0.0 Safari/537.36','YTozOntzOjY6Il90b2tlbiI7czo0MDoiV0d6QjJNRktGQ3hhWEQ3bjFoZ1dZcXd2cEJCM2FFdm94bG9zN0dvaSI7czo5OiJfcHJldmlvdXMiO2E6MTp7czozOiJ1cmwiO3M6NDM6Imh0dHBzOi8vc3VwcGxlbWVudC1zdGF0aW9uLmNvbS9wcm9kdWN0cy8yNDQiO31zOjY6Il9mbGFzaCI7YToyOntzOjM6Im9sZCI7YTowOnt9czozOiJuZXciO2E6MDp7fX19',1748609049),('jEEgYxOzOMBxPBcLWBglpEps9NzFixu0jDdKiiuY',NULL,'213.204.95.227','Mozilla/5.0 (iPhone; CPU iPhone OS 16_1_1 like Mac OS X) AppleWebKit/605.1.15 (KHTML, like Gecko) Version/16.1 Mobile/15E148 Safari/604.1','YTozOntzOjY6Il90b2tlbiI7czo0MDoibUNZNEpMVUlsMVhETVNqb05STG5rUVFyS3lhNEFlMWZrNTNPOVczRSI7czo5OiJfcHJldmlvdXMiO2E6MTp7czozOiJ1cmwiO3M6MzA6Imh0dHBzOi8vc3VwcGxlbWVudC1zdGF0aW9uLmNvbSI7fXM6NjoiX2ZsYXNoIjthOjI6e3M6Mzoib2xkIjthOjA6e31zOjM6Im5ldyI7YTowOnt9fX0=',1748608133),('JOztLYDX2zzbBNvEqHqi1smmzR45KyecOGE0AQqY',1,'213.204.95.227','Mozilla/5.0 (Windows NT 10.0; Win64; x64) AppleWebKit/537.36 (KHTML, like Gecko) Chrome/136.0.0.0 Safari/537.36','YTo1OntzOjY6Il90b2tlbiI7czo0MDoiUDhaNzdXNU1VRjdnQVYzZnoyRnB6YVhCWWlUZ1dWM2VVbVlQMndJZCI7czo5OiJfcHJldmlvdXMiO2E6MTp7czozOiJ1cmwiO3M6NTE6Imh0dHBzOi8vc3VwcGxlbWVudC1zdGF0aW9uLmNvbS9hZG1pbi9vcmRlcnMvcGVuZGluZyI7fXM6NjoiX2ZsYXNoIjthOjI6e3M6Mzoib2xkIjthOjA6e31zOjM6Im5ldyI7YTowOnt9fXM6MTA6InNlc3Npb25faWQiO3M6NDA6InByZmNsa3l3bGExUnp5anFQRkpzTXB3WHJNMzZxQlhpZlExTlc1VkEiO3M6NTA6ImxvZ2luX3dlYl81OWJhMzZhZGRjMmIyZjk0MDE1ODBmMDE0YzdmNThlYTRlMzA5ODlkIjtpOjE7fQ==',1748604336),('QYPxNLoVbz9XZS45UCRMo5GVHJUZWnx99O6LQ3wi',NULL,'147.185.132.174','Expanse, a Palo Alto Networks company, searches across the global IPv4 space multiple times per day to identify customers&#39; presences on the Internet. If you would like to be excluded from our scans, please send IP addresses/domains to: scaninfo@paloaltonetworks.com','YTozOntzOjY6Il90b2tlbiI7czo0MDoiM0JOS3NsV3BmOWFVMTFZdjV2RnpCSm52U0l0dXdTSzh3YTFPQWlOcyI7czo5OiJfcHJldmlvdXMiO2E6MTp7czozOiJ1cmwiO3M6MzA6Imh0dHBzOi8vc3VwcGxlbWVudC1zdGF0aW9uLmNvbSI7fXM6NjoiX2ZsYXNoIjthOjI6e3M6Mzoib2xkIjthOjA6e31zOjM6Im5ldyI7YTowOnt9fX0=',1748612727),('SWhKPZgXI5KHVNjWw6OJ2AcgeOQ0xDukGpOzBeIf',NULL,'185.76.177.70','Mozilla/5.0 (Linux; Android 10; K) AppleWebKit/537.36 (KHTML, like Gecko) Chrome/136.0.0.0 Mobile Safari/537.36','YToyOntzOjY6Il90b2tlbiI7czo0MDoibUF2ZHpvQURSb0xuNU9CUktZcUVHa2pTdEVEMk5NbXdTTnc4dEc1aSI7czo2OiJfZmxhc2giO2E6Mjp7czozOiJvbGQiO2E6MDp7fXM6MzoibmV3IjthOjA6e319fQ==',1748603411),('YbwYKQQBICYGGdsSV75zPzma39WIYrOroEyT2hS4',NULL,'185.127.183.151','Mozilla/5.0 (Linux; Android 13; TECNO CI6n Build/TP1A.220624.014; wv) AppleWebKit/537.36 (KHTML, like Gecko) Version/4.0 Chrome/137.0.7151.48 Mobile Safari/537.36 Instagram 382.0.0.49.84 Android (33/13; 480dpi; 1080x2232; TECNO; TECNO CI6n; TECNO-CI6n; mt6769; en_US; 739816062)','YTozOntzOjY6Il90b2tlbiI7czo0MDoiMnpxTkxrVUFCOWxjaWwyVXJLcGVhREtxN2ROd3dBZXhGNHlYWUF1eSI7czo5OiJfcHJldmlvdXMiO2E6MTp7czozOiJ1cmwiO3M6MTQ2OiJodHRwczovL3N1cHBsZW1lbnQtc3RhdGlvbi5jb20vP2ZiY2xpZD1QQVpYaDBiZ05oWlcwQ01URUFBYWZjWm9kQmo5emtlVW9NWmRTRGY5RHpfZlZrQnVzZENudUFZWTZRS1BzdF9WSjNjMDFsRVE2NHcxTGd1QV9hZW1fTnpwaXpUWmF0S2FrdTJrRy1OVjFRQSI7fXM6NjoiX2ZsYXNoIjthOjI6e3M6Mzoib2xkIjthOjA6e31zOjM6Im5ldyI7YTowOnt9fX0=',1748603906),('zV0gMQWTZfXWmwxXQQ9GISKGuW3j0Pz5FCEMwJGC',NULL,'185.76.177.40','Mozilla/5.0 (Linux; Android 14; SM-A057F Build/UP1A.231005.007; wv) AppleWebKit/537.36 (KHTML, like Gecko) Version/4.0 Chrome/136.0.7103.125 Mobile Safari/537.36 Instagram 382.0.0.49.84 Android (34/14; 420dpi; 1080x2201; samsung; SM-A057F; a05s; qcom; en_US; 739816062; IABMV/1)','YTozOntzOjY6Il90b2tlbiI7czo0MDoiaTYzSmZYMkg0OWdOY0pUOURMa0pzU0RvOGxoNUhyVXhBTVZSN2hyVCI7czo5OiJfcHJldmlvdXMiO2E6MTp7czozOiJ1cmwiO3M6NDI6Imh0dHBzOi8vc3VwcGxlbWVudC1zdGF0aW9uLmNvbS9wcm9kdWN0cy8yNiI7fXM6NjoiX2ZsYXNoIjthOjI6e3M6Mzoib2xkIjthOjA6e31zOjM6Im5ldyI7YTowOnt9fX0=',1748617135);
/*!40000 ALTER TABLE `sessions` ENABLE KEYS */;
UNLOCK TABLES;

--
-- Table structure for table `shipping_details`
--

DROP TABLE IF EXISTS `shipping_details`;
/*!40101 SET @saved_cs_client     = @@character_set_client */;
/*!40101 SET character_set_client = utf8mb4 */;
CREATE TABLE `shipping_details` (
  `id` bigint(20) unsigned NOT NULL AUTO_INCREMENT,
  `order_id` bigint(20) unsigned NOT NULL,
  `name` varchar(191) NOT NULL,
  `phone` varchar(191) NOT NULL,
  `email` text DEFAULT NULL,
  `address` text NOT NULL,
  `city` varchar(191) NOT NULL,
  `created_at` timestamp NULL DEFAULT NULL,
  `updated_at` timestamp NULL DEFAULT NULL,
  PRIMARY KEY (`id`),
  KEY `shipping_details_order_id_foreign` (`order_id`),
  CONSTRAINT `shipping_details_order_id_foreign` FOREIGN KEY (`order_id`) REFERENCES `orders` (`id`) ON DELETE CASCADE
) ENGINE=InnoDB AUTO_INCREMENT=127 DEFAULT CHARSET=utf8mb4 COLLATE=utf8mb4_unicode_ci;
/*!40101 SET character_set_client = @saved_cs_client */;

--
-- Dumping data for table `shipping_details`
--

LOCK TABLES `shipping_details` WRITE;
/*!40000 ALTER TABLE `shipping_details` DISABLE KEYS */;
INSERT INTO `shipping_details` VALUES (12,12,'Sajed','70643351','sajedapple@icloud.com','Radouf safy al deen compound','Beirut','2024-09-08 23:16:40','2024-09-08 23:16:40'),(13,13,'Melanie Mouzawak','79 126 968','melanie-mouzawak@hotmail.com','Building Studio Mouzawak Facing Public Garden','Ballouneh','2024-09-10 12:46:37','2024-09-10 12:46:37'),(16,16,'Amin','81088266',NULL,'Beirut','Msharfeye','2024-09-14 13:56:48','2024-09-14 13:56:48'),(18,18,'Mohammad','76853325',NULL,'الاونيكسو-خلف جامع بوبس- بناية المولى الطابق 2','Beirut','2024-09-15 23:57:38','2024-09-15 23:57:38'),(20,20,'Mohamad Ibrahim','81845363','260ibrahim265@gmail.com','فردان صالون يحيى و زكريا حد حاجز قصر عين التينة مقابل مطعم خاتون','بيروت','2024-09-18 01:15:58','2024-09-18 01:15:58'),(21,21,'Zakaria hbach','76137768','zikohbech55@gmail.com','khalil roukoz steert','Mazraat Yachoua','2024-09-18 21:39:46','2024-09-18 21:39:46'),(22,22,'Aref','71349340','arefrahhal@hotmail.com','برج البراجنة نزلة عين الدلبة حي رحال طابق اول Borojbrajneh','Borj El Brajneh','2024-09-19 19:33:24','2024-09-19 19:33:24'),(23,23,'Habib','03135314','habibeghnatios86@gmail.com','North- Kobayat -near Red Cross','Kobayat -martmoura','2024-09-21 15:31:47','2024-09-21 15:31:47'),(24,24,'Mohammad saad','76407600',NULL,'Highway','Dalhamiyi zahle','2024-09-29 00:05:31','2024-09-29 00:05:31'),(25,25,'Mhamad khazaal','78821890','khazaalmohamad130@gmail.com','Al sayyar  near coop makhazen','Debbiye','2024-09-29 05:16:41','2024-09-29 05:16:41'),(26,26,'Habib eghnatios','03135314','habibeghnatios86@gmail.com','North- Kobayat -near Red Cross','Kobayat -martmoura','2024-09-29 21:44:27','2024-09-29 21:44:27'),(27,27,'Mohamad khazaal','78821890','khazaalmohamad130@gmail.com','Al sayyar near coop makhazen','Debbiye','2024-09-30 05:17:59','2024-09-30 05:17:59'),(28,28,'Lynn salameh','79141197',NULL,'Kesrwen','Ghazir , faction outlet nike','2024-10-03 18:08:01','2024-10-03 18:08:01'),(29,29,'Selyn Jaafar','71030347','Selynjaafar@gmail.com','Ashrafieh','Beirut','2024-10-04 06:42:21','2024-10-04 06:42:21'),(30,30,'Mohamad','+961 71 502 209','mohamadabiad200@gmail.com','Beirut','Ras el nabaa omar ben el khatab street','2024-10-05 01:58:46','2024-10-05 01:58:46'),(31,31,'Abbas Osayli','76966356','abbasosayli11z@gmail.com','جنب مدرسة العرفان','مجدلبعنا','2024-10-12 18:51:04','2024-10-12 18:51:04'),(32,32,'Abbas Osayli','76966356','abbasosayli11z@gmail.com','QMVQ+VF7','Majdal baana','2024-10-12 19:10:17','2024-10-12 19:10:17'),(33,33,'Hussein Baghdadi','70711809','hussein.baghdadi01@gmail.com','Shere3 medhat bacha , building bal3a, floor 0','Beirut, Sanaye3','2024-10-12 20:24:25','2024-10-12 20:24:25'),(34,34,'hadi ismail','81904533','hadi.ismail.wow@gmail.com','Hamra Yamout street Sidene building floor 4 apartment 17','beirut','2024-10-13 00:04:11','2024-10-13 00:04:11'),(35,35,'hadi ismail','81904533','hadi.ismail.wow@gmail.com','Hamra Yamout street Sidene building floor 4 apartment 17','beirut','2024-10-13 00:06:47','2024-10-13 00:06:47'),(36,36,'Hussein Baghdadi','70711809','hussein.baghdadi01@gmail.com','Shere3 medhat bacha , building bal3a','Beirut sanaye3','2024-10-13 00:57:01','2024-10-13 00:57:01'),(37,37,'hadi ismail','81904533','hadi.ismail.wow@gmail.com','Hamra Yamout street Sidene building floor 4 apartment 17','beirut','2024-10-13 02:16:41','2024-10-13 02:16:41'),(42,42,'Rami','76543818','karimmahdi906@gmail.com','Mafra2 l Fakhani','Ras nabe3','2024-10-13 16:11:03','2024-10-13 16:11:03'),(46,46,'testttt','71742224','alimawassi10@gmail.com','testt','testtt','2024-10-16 00:00:31','2024-10-16 00:00:31'),(47,47,'testttt','71742224','alimawassi10@gmail.com','testt','testtt','2024-10-16 00:05:58','2024-10-16 00:05:58'),(48,48,'Nawal Dakroub','71548112',NULL,'street 628, Dhour Al Aabadieh','Aley, Aley District','2024-10-17 17:01:21','2024-10-17 17:01:21'),(49,49,'Mohammad Anouti','78902373',NULL,'Wegan Street, beirut municipality building','Downtown','2024-10-19 14:13:20','2024-10-19 14:13:20'),(50,50,'Riham Noureldine','81382914','rihamnoureddin@gmail.com','بعبدا، السفارة الأردنية القديمة، مفرق فرن الــ cabana، مقابل ميني ماركت حلو','Baabda','2024-10-20 17:40:48','2024-10-20 17:40:48'),(51,51,'Chris','+-961 76156551','chrismichaeldaher@gmail.com','Allali','Batroun','2024-10-26 15:34:38','2024-10-26 15:34:38'),(52,52,'Razan El Zein','03217855',NULL,'Pierre Amin Gemayel Street - Jdeideh Center 19 building - 9th floor','Jdeideh','2024-11-04 18:00:33','2024-11-04 18:00:33'),(61,61,'Ali','76401520','ah6818799@gmail.com','عكار - الحيصة الطريق العام بجانب ثانوية الحيصة الرسمية','Haissa','2024-11-05 15:51:04','2024-11-05 15:51:04'),(62,62,'Hussein Yasin','03794664',NULL,'Beirut','Barbeir','2024-11-06 22:22:45','2024-11-06 22:22:45'),(63,63,'hadi ismail','81904533','hadi.ismail.wow@gmail.com','Hamra Yamout street Sidene building floor 4 apartment 17','beirut','2024-11-07 00:59:34','2024-11-07 00:59:34'),(64,64,'hadi ismail','81904533','hadi.ismail.wow@gmail.com','Hamra Yamout street Sidene building floor 4 apartment 17','beirut','2024-11-07 16:41:17','2024-11-07 16:41:17'),(65,65,'hadi ismail','81904533','hadi.ismail.wow@gmail.com','Hamra Yamout street Sidene building floor 4 apartment 17','beirut','2024-11-07 16:46:56','2024-11-07 16:46:56'),(66,66,'Hady Mansour','70963131',NULL,'Beirut, Hamra, Sit Nasab Street, Al-Mabani building floor 8 (left)','Beirut, Hamra','2024-11-08 01:12:54','2024-11-08 01:12:54'),(70,70,'ricardo kalkach','81584564','ricardo.kalkach@icloud.com','solfege- street facing red cross-block c- 2nd floor','byblos/jbeil','2024-11-22 22:32:58','2024-11-22 22:32:58'),(71,71,'Nabih','70681834',NULL,'Dekwaneh','Slav - BoB (previously bank of beirut)','2024-11-23 04:37:48','2024-11-23 04:37:48'),(72,72,'kifah ghanem','78847941',NULL,'mount liban warhanyeh main street','Warhanie','2024-12-07 04:21:15','2024-12-07 04:21:15'),(73,73,'Ahmad mortada','+961 70 958 449','ahmadmortadaa18@gmail.com','Bourj abou haidar','Beirut','2024-12-10 16:02:19','2024-12-10 16:02:19'),(75,75,'hadi ismail','81904533','hadi.ismail.wow@gmail.com','Hamra Yamout street Sidani building floor 4 apartment 17','beirut','2024-12-11 18:56:07','2024-12-11 18:56:07'),(76,76,'Iyad Chaddad','71337548','iyadchaddad123@gmail.com','Kreidleh Street, Rabiyah al-Khadraa building, Left Block, 4th Floor','Bchamoun','2024-12-12 21:14:52','2024-12-12 21:14:52'),(77,77,'Alina Garabedian','76868887',NULL,'Achrafieh, Ghaby, next to mini market Bunny and ice cream Bachir','Beirut','2024-12-20 07:00:19','2024-12-20 07:00:19'),(79,79,'Andrea','71821889',NULL,'Ain l rihaneh street 111 last building bineye btsakir l tari2 - 2nd F','Ain l rihaneh - aintoura','2025-01-02 19:28:21','2025-01-02 19:28:21'),(80,80,'Edwin','76163686',NULL,'Mar roukoz dekwaneh','Dekwaneh','2025-01-04 03:09:32','2025-01-04 03:09:32'),(81,81,'Rayan','76 915 171','raym33715@gmail.com','Mghfar Riye2 Bwejo Fi Zarube Sghire Ytl3 Fiya Awl Biney Tabi2 El 3','Riyak','2025-01-09 00:31:03','2025-01-09 00:31:03'),(82,82,'Yassmine Hammoud','81863638',NULL,'L address dahye nazlt mrayjeh sher3 jem3 l arab fe mahlet dabouss lal a3sheb bnyet kazma le b wejo dghre tabe2 7 bet Hammoud','Beirut','2025-01-11 07:01:34','2025-01-11 07:01:34'),(83,83,'lynn','71240841','lynnxam1@gmail.com','3a2elat street Nasab 5 building','Aramoun','2025-01-12 16:13:58','2025-01-12 16:13:58'),(84,84,'Ahmed Ghandour','70886237',NULL,'Rada Al hage street','Kamed El lawz','2025-01-16 01:39:05','2025-01-16 01:39:05'),(85,85,'Rola chalfoun','76717275',NULL,'Zahaar street, rizk hospital, main gate','Ashrafieh','2025-01-20 16:08:40','2025-01-20 16:08:40'),(86,86,'Edwin','76163686',NULL,'Mar roukoz','Dekwaneh','2025-01-22 16:33:15','2025-01-22 16:33:15'),(87,87,'Karen khalife','70 837 504','karenkhalife88@gmail.com','Kafaat فوق لوليتا-بناية قصر السعاده-طابق ١','Borj Al Barajneh- Kafaat','2025-01-22 22:21:02','2025-01-22 22:21:02'),(88,88,'Tania','71303074',NULL,'Ashrafieh','Beirut','2025-02-03 22:31:16','2025-02-03 22:31:16'),(89,89,'Nareg Artin','81473639','naregozz@gmail.com','Mashrou3 el marouni, Ain Saadeh','Ain Saadeh','2025-02-05 13:39:42','2025-02-05 13:39:42'),(92,92,'Sara Slim','+96103129009',NULL,'Beit Mery, Nabeh Al Saadeh Street, next to villa Yasmina, Villa 589','Beit Mery','2025-02-17 18:32:34','2025-02-17 18:32:34'),(93,93,'Mohammad kabalan','78919256','m.kabalan1@icloud.com','Beirut','Mshrfye','2025-02-19 23:31:22','2025-02-19 23:31:22'),(94,94,'Mahdi Hamdan','71430580','mahdihamdan583@gmail.con','Aljalami street','Kafra, south lebanon','2025-02-21 04:23:46','2025-02-21 04:23:46'),(95,95,'Kamella','81399986','ayoubkamella3@gmail.com','Miziara','Lebanon','2025-02-24 17:58:47','2025-02-24 17:58:47'),(96,96,'Hassan Zbib','71479877',NULL,'Hamra, Yamout street, sidene building, floor 4 apartment 17','Beirut','2025-02-24 22:18:07','2025-02-24 22:18:07'),(97,97,'Sara Slim','03129009','saraslim131@gmail.com','Beit Mery, Nabeh Al Saadeh Street, next to Villa Yasmina, Villa #589','Beit Meri','2025-02-28 01:19:00','2025-02-28 01:19:00'),(98,98,'Sara Slim','03129009','saraslim131@gmail.com','Beit Mery, Nabeh Al Saadeh Street, next to Villa Yasmina, Villa #589','Beit Meri','2025-02-28 01:19:00','2025-02-28 01:19:00'),(99,99,'tia','81875338','tia.kaabour@outlook.com','yahodiye','Bshamoun','2025-03-02 06:04:33','2025-03-02 06:04:33'),(100,100,'Charbel','70796687','charbel.sader95@hotmail.com','Bsous','Bsous','2025-03-02 09:45:04','2025-03-02 09:45:04'),(101,101,'Amal','7603-4133','amalsiblany742@gmail.com','choueifat, Aldaman Street','Choueifat','2025-03-06 18:24:10','2025-03-06 18:24:10'),(105,105,'Sarah khalil','96181282846','sarahkhalil1111@icloud.com','Beirut dahye rweis near sbeity station','beirut dahye','2025-03-18 03:57:24','2025-03-18 03:57:24'),(106,106,'Jonathan Saroufim','70354700',NULL,'Zgharta Akbeh','Zgharta','2025-03-25 01:07:53','2025-03-25 01:07:53'),(107,107,'Khaled 3akra','78849117',NULL,'Saida- Ein eddelb next to Khoury pharmacy','Saida','2025-03-25 16:16:42','2025-03-25 16:16:42'),(108,108,'Abdelrahman','+961 71 273 998','abboudi.ayoub.2006@gmail.com','West Beqaa','Manara (west beqaa nit beirut )','2025-03-29 18:51:57','2025-03-29 18:51:57'),(109,109,'Karim','81331237',NULL,'Al Emam Ali Street','Maamoura','2025-04-04 08:40:30','2025-04-04 08:40:30'),(110,110,'Sara Slim','+96103129009','saraslim131@gmail.com','Beit Mery, Nabeh Al Saadeh Street, next to Villa Yasmina, Villa #589','Beit Meri','2025-04-05 17:57:25','2025-04-05 17:57:25'),(111,111,'Mohammad Al Ozeir','81200321','mohammad_alozeir@hotmail.com','yamout street, sidani building floor 4 apt 17','beirut hamra','2025-04-08 15:29:51','2025-04-08 15:29:51'),(114,114,'Bahaa hatoum','71076267','hatoumbahaa180@gmail.com','حدث شارع الانطونيه مفرق مارمارون','حدق','2025-04-09 23:16:10','2025-04-09 23:16:10'),(115,115,'Odai','+961 81 593 181',NULL,'شارع الحمرا بناء صفي الدين مقابل ستاربكس','بيروت','2025-04-13 22:22:28','2025-04-13 22:22:28'),(116,116,'Khaled 3akra','78849117',NULL,'Saida Ein eddelb next to Khoury pharmacy- odam fi mini markt slim odama fi nazli bynzal akhr benay 3a shmal tabe2 3','Saida 3en eddelb','2025-04-15 18:36:59','2025-04-15 18:36:59'),(118,118,'Ali bahmad','71071066',NULL,'Hazmiyeh, behind karout mall, panorama 10 building, 6th floor','Beirut','2025-04-16 19:09:45','2025-04-16 19:09:45'),(119,119,'Hamza sibai','70785391','hamzasibaii@hotmail.com','+13057816298(whatsapp) ; Dohat aramoun shere3 calipso beneyet el lou2lou2a. Front of sherket malako and lea market','Aramoun','2025-04-19 19:44:58','2025-04-19 19:44:58'),(120,120,'Odai','+961 81 593 181',NULL,'شارع الحمرا بناء صفي الدين مقابل ستاربكس','بيروت','2025-04-28 08:56:35','2025-04-28 08:56:35'),(121,121,'Rami Amer Syagha','05924293',NULL,'Antoine el rayyes st, alyarz twins bldg, 3rd floor','baabda','2025-04-30 00:46:51','2025-04-30 00:46:51'),(122,122,'Sarah','03837386',NULL,'Casabella block C','Bezurieh','2025-05-04 17:10:53','2025-05-04 17:10:53'),(123,123,'Odai','+961 81 593 181',NULL,'شارع الحمرا بناء صفي الدين مقابل ستاربكس','بيروت','2025-05-05 15:35:07','2025-05-05 15:35:07'),(124,124,'Yousef Ossaily','81832397',NULL,'شارع ابي طالب بوجه مسجد الامام الحسن','Beirut','2025-05-05 20:14:18','2025-05-05 20:14:18'),(125,125,'mohammad shaito','76701253',NULL,'mmm','jkk','2025-05-24 06:59:39','2025-05-24 06:59:39');
/*!40000 ALTER TABLE `shipping_details` ENABLE KEYS */;
UNLOCK TABLES;

--
-- Table structure for table `users`
--

DROP TABLE IF EXISTS `users`;
/*!40101 SET @saved_cs_client     = @@character_set_client */;
/*!40101 SET character_set_client = utf8mb4 */;
CREATE TABLE `users` (
  `id` bigint(20) unsigned NOT NULL AUTO_INCREMENT,
  `name` varchar(191) NOT NULL,
  `email` varchar(191) NOT NULL,
  `email_verified_at` timestamp NULL DEFAULT NULL,
  `password` varchar(191) NOT NULL,
  `remember_token` varchar(100) DEFAULT NULL,
  `created_at` timestamp NULL DEFAULT NULL,
  `updated_at` timestamp NULL DEFAULT NULL,
  PRIMARY KEY (`id`),
  UNIQUE KEY `users_email_unique` (`email`)
) ENGINE=InnoDB AUTO_INCREMENT=2 DEFAULT CHARSET=utf8mb4 COLLATE=utf8mb4_unicode_ci;
/*!40101 SET character_set_client = @saved_cs_client */;

--
-- Dumping data for table `users`
--

LOCK TABLES `users` WRITE;
/*!40000 ALTER TABLE `users` DISABLE KEYS */;
INSERT INTO `users` VALUES (1,'admin','admin@supplement-station.com',NULL,'$2y$12$9Dzf/m082qkKtcMKFlQ70e4gigjCb5ZUcG8vfoon1eKBCvzr331Fi',NULL,NULL,NULL);
/*!40000 ALTER TABLE `users` ENABLE KEYS */;
UNLOCK TABLES;
/*!40103 SET TIME_ZONE=@OLD_TIME_ZONE */;

/*!40101 SET SQL_MODE=@OLD_SQL_MODE */;
/*!40014 SET FOREIGN_KEY_CHECKS=@OLD_FOREIGN_KEY_CHECKS */;
/*!40014 SET UNIQUE_CHECKS=@OLD_UNIQUE_CHECKS */;
/*!40101 SET CHARACTER_SET_CLIENT=@OLD_CHARACTER_SET_CLIENT */;
/*!40101 SET CHARACTER_SET_RESULTS=@OLD_CHARACTER_SET_RESULTS */;
/*!40101 SET COLLATION_CONNECTION=@OLD_COLLATION_CONNECTION */;
/*!40111 SET SQL_NOTES=@OLD_SQL_NOTES */;

-- Dump completed on 2025-06-02  4:00:08
